gerolf_of_holland;hasspouse;no;1270;1
joan_of_france_duchess_of_berry;gender;female;453;1
eleanor_of_lancaster;child;alice_holland_countess_of_kent;1;2
leopold_ii_holy_roman_emperor;parent;francis_i_holy_roman_emperor;1;1
henry_i_duke_of_brabant;spouse;marie_of_france_duchess_of_brabant;1969;2492
francis_ii_duke_of_brittany;successor;anne_of_brittany;2;1
stephen_iii_duke_of_bavaria;parent;stephen_ii_duke_of_bavaria;6;6
adolphus_frederick_iii_duke_of_mecklenburg_strelitz;predecessor;adolphus_frederick_ii_duke_of_mecklenburg_strelitz;5;1
george_i_of_great_britain;father;ernest_augustus_elector_of_hanover;1;2
frederick_ii_duke_of_lorraine;parent;frederick_i_duke_of_lorraine;1;1
charlotte_of_bourbon_queen_of_cyprus;child;john_ii_of_cyprus;1622;1315
albert_ii_duke_of_austria;father;albert_i_of_germany;2;3
blanche_of_navarre_queen_of_france;name;blanche_of_navarre;2536;593
ferdinand_i_holy_roman_emperor;child;archduchess_magdalena_of_austria;253;871
james_iii_of_scotland;child;james_stewart_duke_of_ross;1046;1095
maria_beatrice_d_este_duchess_of_massa;parent;ercole_iii_d_este_duke_of_modena;212;170
beatrice_of_albon;hasspouse;yes;1534;1
carlo_buonaparte;spouse;letizia_bonaparte;23;11
adelaide_of_leuven;spouse;simon_i_duke_of_lorraine;4;1
yolande_of_aragon;gender;female;130;1
henri_count_of_chambord;name;prince_henri;2440;948
bertha_of_holland;father;floris_i_count_of_holland;2;1
berthold_duke_of_merania;father;berthold_i_of_istria;1;1
otto_i_duke_of_brunswic_l_neburg;parent;helena_of_denmark;4;3
ferdinand_ii_of_le_n;father;alfonso_vii_of_le_n_and_castile;1;1
hamelin_de_warenne_earl_of_surrey;hasspouse;no;1022;1
louis_xvii;predecessor;louis_xvi;1;1
maria_theresa;child;archduchess_maria_josepha_of_austria;1;5
francesco_i_de_medici_grand_duke_of_tuscany;parent;cosimo_i_de_medici_grand_duke_of_tuscany;1;1
henry_i_duke_of_brabant;parent;godfrey_iii_count_of_louvain;1;3
dorotea_gonzaga;spouse;galeazzo_maria_sforza;3;1
stephen_iii_of_auxonne;name;stephen_iii;366;986
camilla_martelli;spouse;cosimo_i_de_medici_grand_duke_of_tuscany;1;1
adelaide_of_aquitaine;parent;gerloc;1;4
afonso_iii_of_portugal;predecessor;sancho_ii_of_portugal;1;3
agnes_of_burgundy_duchess_of_bourbon;predecessor;marie_duchess_of_auvergne;1;2
ernest_i_duke_of_brunswic_l_neburg;mother;margaret_of_saxony_duchess_of_brunswic_l_neburg;71;180
victoire_of_france_1733_1799;hasspouse;no;972;1
christian_duke_of_brunswic_l_neburg;hasspouse;no;901;1
benedicta_henrietta_of_the_palatinate;father;edward_count_palatine_of_simmern;1;4
charles_vi_holy_roman_emperor;successor;victor_amadeus_ii_of_sardinia;1;1
christine_of_hesse;mother;christine_of_saxony;2;2
philip_iii_of_france;parent;louis_ix_of_france;2;1
isabella_of_portugal_duchess_of_burgundy;spouse;philip_the_good;4;1
magnus_i_duke_of_brunswic_l_neburg;gender;male;134;1
mary_of_avesnes;gender;female;298;2
mary_queen_of_scots;predecessor;james_v_of_scotland;1;1
ferdinand_philippe_duke_of_orl_ans;father;louis_philippe_i;2;2
matilda_of_frisia;father;liudolf_margrave_of_frisia;1;1
louis_ix_of_france;parent;louis_viii_of_france;1;2
maria_luisa_of_parma;gender;female;138;1
antoinette_of_bourbon;child;claude_duke_of_aumale;1011;1069
charles_v_holy_roman_emperor;gender;male;26;1
berengaria_of_castile;successor;ferdinand_iii_of_castile;2;1
boso_ii_of_italy;hasspouse;no;1107;1
valdemar_i_of_denmark;parent;ingeborg_of_kiev;18;962
maria_kunigunde_of_saxony;hasspouse;no;1019;1
elizabeth_of_bohemia_1292_1330;child;anne_of_bohemia_duchess_of_austria;9;11
otto_iv_count_of_burgundy;hasspouse;yes;75;1
joan_countess_of_ponthieu;hasspouse;yes;11;1
james_i_of_scotland;child;annabella_of_scotland;337;990
amadeus_vii_count_of_savoy;hasspouse;no;928;1
philip_ii_duke_of_savoy;sibling;bona_of_savoy;2;1
constant_d_aubign_;hasspouse;no;1099;2
elisabeth_of_nuremberg;parent;frederick_v_burgrave_of_nuremberg;124;569
pepin_the_short;parent;charles_martel;3;1
albert_azzo_ii_margrave_of_milan;father;albert_azzo_i_margrave_of_milan;7;11
francis_i_duke_of_lorraine;gender;male;1950;1
fulk_king_of_jerusalem;hasspouse;yes;318;1
thierry_count_of_flanders;gender;male;117;1
saint_margaret_of_scotland;child;ethelred_of_scotland;115;1234
philip_iii_of_spain;child;infante_carlos_of_spain_1607_1632;1;4
odo_i_count_of_orl_ans;gender;male;270;2
saint_margaret_of_scotland;child;matilda_of_scotland;3;5
antoine_of_navarre;child;catherine_de_bourbon;8;11
adela_of_champagne;parent;matilda_of_carinthia;2;2
philip_iii_of_spain;parent;philip_ii_of_spain;1;1
emmanuel_philibert_duke_of_savoy;name;emmanuel_philibert;1163;847
barbara_jagiellon;gender;female;172;1
marie_countess_of_harcourt;gender;female;773;1
francis_i_holy_roman_emperor;predecessor;maria_theresa;4;11
otto_i_count_palatine_of_mosbach;hasspouse;no;1356;1
countess_sophia_albertine_of_erbach_erbach;name;sophia_albertine_countess_of_erbach_erbach;821;873
werner_ii_count_of_habsburg;name;werner_ii_count_of_habsburg;3;4
carloman_ii;hasspouse;no;1363;1
charles_iii_of_spain;hasspouse;yes;29;1
edward_king_of_portugal;child;joan_of_portugal;1;6
eleanor_of_aquitaine;father;william_x_duke_of_aquitaine;1;3
mar_a_isabella_of_spain;gender;female;54;1
baldwin_v_count_of_flanders;child;robert_i_count_of_flanders;1831;1650
hemma;father;welf_father_of_judith;1;2
william_ii_duke_of_bavaria;hasspouse;no;1369;1
victor_amadeus_iii_of_sardinia;child;prince_giuseppe_count_of_asti;1;4
eadgifu_of_wessex;spouse;herbert_iii_of_omois;1;1
pope;name;rome;46;804
willa_of_burgundy;parent;guilla_of_provence;2;2
ferdinand_iv_of_castile;parent;mar_a_de_molina;2;2
princess_magdalena_augusta_of_anhalt_zerbst;name;magdalena_augusta_of_anhalt_zerbst;128;854
bertrada_of_laon;gender;female;164;2
maria_theresa_of_naples_and_sicily;child;archduke_franz_karl_of_austria;1;3
ferdinand_duke_of_viseu;sibling;eleanor_of_portugal_holy_roman_empress;9;5
agnes_of_france_duchess_of_burgundy;name;agnes_of_france;2513;1044
william_iv_duke_of_aquitaine;name;william_iv_duke_of_aquitaine;6;48
margaret_countess_of_vertus;spouse;richard_count_of__tampes;2;2
princess_christine_louise_of_oettinge_oettingen;child;charlotte_christine_of_brunswic_wolfenb_ttel;553;984
clemence_of_austria;father;rudolf_i_of_germany;1;1
francis_hyacinth_duke_of_savoy;predecessor;victor_amadeus_i_duke_of_savoy;3;2
philip_count_of_longueville;hasspouse;no;1120;1
joanna_of_castile;hasspouse;yes;1;1
joan_iii_countess_of_burgundy;mother;joan_ii_countess_of_burgundy;1;1
archduchess_maria_elisabeth_of_austria_born_1737;hasspouse;no;954;1
janus_of_cyprus;spouse;charlotte_of_bourbon_queen_of_cyprus;2;2
victor_amadeus_ii_of_sardinia;child;maria_vittoria_of_savoy;1932;1123
frederick_william_duke_of_mecklenburg_schwerin;successor;adolphus_frederick_ii_duke_of_mecklenburg_strelitz;1;1
margaret_of_cleves_duchess_of_bavaria_munich;hasspouse;no;968;1
james_stewart_5th_high_steward_of_scotland;gender;male;32;1
matilda_of_bavaria_margravine_of_meissen;parent;louis_iv_holy_roman_emperor;1;1
charles_ix_of_france;spouse;elisabeth_of_austria_queen_of_france;3;6
mary_of_guise;mother;antoinette_of_bourbon;1;1
peter_ii_of_aragon;mother;sancha_of_castile_queen_of_aragon;8;10
marie_of_brabant_queen_of_france;gender;female;128;1
magnus_i_duke_of_brunswic_l_neburg;hasspouse;yes;99;1
eleonore_of_austria_queen_of_poland;gender;female;85;1
agnes_of_france_duchess_of_burgundy;parent;margaret_of_provence;2;2
anne_marie_d_orl_ans;child;marie_ad_la_de_of_savoy;2;5
berengaria_of_barcelona;gender;female;25;1
albert_i_of_germany;hasspouse;yes;659;1
william_the_younger_duke_of_brunswic_l_neburg;child;frederick_iv_duke_of_brunswic_l_neburg;223;1088
philip_ii_of_spain;father;charles_v_holy_roman_emperor;1;1
elizabeth_mure;hasspouse;yes;1;1
berengar_ii_of_italy;child;rozala_of_italy;4;7
eleanor_of_aquitaine;predecessor;william_x_duke_of_aquitaine;1;2
claude_of_france;child;madeleine_of_valois;1286;1385
princess_sophia_of_the_united_kingdom;hasspouse;no;1285;1
philip_ii_duke_of_savoy;parent;louis_duke_of_savoy;4;7
louis_iv_holy_roman_emperor;mother;matilda_of_habsburg;2;3
antonio_farnese_duke_of_parma;hasspouse;no;855;2
john_ii_of_france;successor;philip_the_bold;1;2
theobald_ii_duke_of_lorraine;parent;frederick_iii_duke_of_lorraine;1;1
joanna_of_castile;child;catherine_of_austria_queen_of_portugal;2;7
rozala_of_italy;hasspouse;yes;1;1
charles_count_of_angoul_me;name;charles_of_orl_ans_count_of_angoul_me;1143;789
ernest_frederick_i_duke_of_saxe_hildburghausen;gender;male;1985;1
francis_ii_holy_roman_emperor;hasspouse;yes;63;1
francis_ii_duke_of_brittany;predecessor;arthur_iii_duke_of_brittany;2;1
margaret_of_austria_queen_of_spain;mother;maria_anna_of_bavaria_born_1551;1;1
louis_viii_of_france;name;louis_viii;1342;979
ren__ii_duke_of_lorraine;child;louis_count_of_vaud_mont;354;1147
francesco_iii_d_este_duke_of_modena;gender;male;185;1
baldwin_ii_of_jerusalem;hasspouse;no;1244;3
robert_ii_count_of_dreux;child;robert_iii_count_of_dreux;2;2
empress_jos_phine;child;eug_ne_de_beauharnais;2470;1421
sviatopolk_i_of_kiev;predecessor;vladimir_the_great;2;2
louis_v_duke_of_bavaria;hasspouse;no;970;1
sancho_i_of_portugal;predecessor;afonso_i_of_portugal;3;3
alice_of_namur;spouse;baldwin_iv_count_of_hainaut;2;2
beatrice_of_england;parent;henry_iii_of_england;2;2
margaret_ferch_dafydd;hasspouse;no;691;1
maximilian_ii_holy_roman_emperor;child;archduke_ernest_of_austria;1;5
louis_iv_of_france;successor;lothair_of_france;1;1
cosimo_de_medici;mother;piccarda_bueri;1;1
francis_i_of_france;mother;louise_of_savoy;1;1
hemma;hasspouse;yes;565;1
matilda_of_saxony_countess_of_flanders;spouse;baldwin_iii_count_of_flanders;3;2
louis_v_of_france;gender;male;589;1
bonne_of_luxembourg;spouse;john_ii_of_france;5;5
volodar_glebovich_prince_of_minsk;spouse;richeza_of_poland_queen_of_sweden;1401;908
maredudd_ap_tudur;gender;male;668;1
sancho_iii_of_castile;name;sancho_iii;451;691
maria_antonia_ferdinanda_of_spain;father;philip_v_of_spain;15;19
margaret_of_denmark_queen_of_scotland;spouse;james_iii_of_scotland;4;2
james_i_of_aragon;father;peter_ii_of_aragon;1;1
jasper_tudor;hasspouse;no;1379;1
afonso_ii_of_portugal;child;fernando_lord_of_serpa;4;1381
conrad_i_count_of_auxerre;hasspouse;yes;130;1
joan_ii_of_navarre;child;louis_duke_of_durazzo;1;8
isabel_of_barcelos;spouse;john_constable_of_portugal;2;3
baldwin_v_count_of_hainaut;father;baldwin_iv_count_of_hainaut;11;31
william_iii_of_m_con;name;william_iii;235;1124
bertha_of_burgundy;hasspouse;yes;4;1
napoleon_ii;hasspouse;no;1274;2
john_i_duke_of_cleves;hasspouse;no;1061;1
louis_duke_of_savoy;child;marie_of_savoy_countess_of_saint_pol;1;7
francis_ii_holy_roman_emperor;child;maria_leopoldina_of_austria;1;4
charles_emmanuel_iii_of_sardinia;child;princess_eleonora_of_savoy;38;1449
charlotte_of_savoy;mother;anne_of_cyprus;1;1
margaret_of_anjou;parent;ren__of_anjou;1;1
louis_dauphin_of_france_son_of_louis_xiv;gender;male;1001;1
catherine_of_vend_me;parent;joan_of_ponthieu_dame_of_epernon;1;2
emma_of_italy;spouse;lothair_of_france;4;4
philip_the_good;sibling;mary_of_burgundy_duchess_of_cleves;1;2
hugh_magnus;mother;constance_of_arles;1;1
adele_of_vermandois;hasspouse;yes;7;1
louis_vii_of_france;hasspouse;yes;29;1
louis_the_german;child;carloman_of_bavaria;1;2
odo_of_france;parent;robert_the_strong;1;1
princess_augusta_of_saxe_gotha;child;prince_william_henry_duke_of_gloucester_and_edinburgh;1;1
peter_i_of_portugal;child;maria_of_portugal_marchioness_of_tortosa;36;1349
louis_ix_of_france;child;john_tristan_count_of_valois;1;3
judith_of_habsburg;child;wenceslaus_iii_of_bohemia;124;986
maria_anna_of_bavaria_born_1551;child;maria_christina_princess_of_transylvania;154;990
anne_of_foix_candale;parent;catherine_of_foix_countess_of_candale;2;5
archduchess_maria_theresa_of_austria_este_1817_1886;parent;francis_iv_duke_of_modena;1;1
beatriz_of_portugal_duchess_of_viseu;parent;john_constable_of_portugal;2;15
yolande_duchess_of_lorraine;gender;female;187;1
odo_iii_duke_of_burgundy;spouse;theresa_of_portugal_countess_of_flanders;1;3
louis_duke_of_savoy;spouse;anne_of_cyprus;7;3
louise_of_savoy;child;margaret_of_valois_angoul_me;1;4
hortense_de_beauharnais;spouse;louis_bonaparte;1368;469
john_of_gaunt;child;philippa_of_lancaster;2215;2415
margaret_of_burgundy_queen_of_france;parent;agnes_of_france_duchess_of_burgundy;1;1
ramon_berenguer_iii_count_of_barcelona;father;ramon_berenguer_ii_count_of_barcelona;4;3
henry_i_count_of_champagne;spouse;marie_of_france_countess_of_champagne;4;5
afonso_iii_of_portugal;child;martim_afonso_chichorro;5;1048
john_iv_duke_of_brittany;father;john_of_montfort;1;1
eleanor_of_aragon_queen_of_portugal;child;eleanor_of_portugal_holy_roman_empress;1;1
prince_philippe_count_of_paris;child;prince_ferdinand_duke_of_montpensier;133;722
isabella_duchess_of_lorraine;father;charles_ii_duke_of_lorraine;2;1
francis_duke_of_guise;hasspouse;no;1275;1
duchess_helene_of_mecklenburg_schwerin;parent;princess_caroline_louise_of_saxe_weimar_eisenach;2;2
maria_anna_of_savoy;hasspouse;no;1351;1
henry_ii_of_england;name;henry_ii;634;32
henry_ii_of_navarre;successor;antoine_of_navarre;43;171
ernest_i_duke_of_brunswic_l_neburg;successor;william_the_younger_duke_of_brunswic_l_neburg;1;1
leopold_ii_holy_roman_emperor;child;archduke_rainer_joseph_of_austria;1;2
eug_nie_de_montijo;mother;mar_a_manuela_kirkpatrick_de_grevign_e;1;1
dangereuse_de_l_isle_bouchard;parent;bartholomew_de_l_isle_bouchard;1;4
philip_iv_of_france;predecessor;philip_iii_of_france;1;1
willa_of_tuscany;hasspouse;yes;6;1
aimery_i_viscount_of_ch_tellerault;gender;male;1906;1
william_i_count_of_hainaut;spouse;joan_of_valois_countess_of_hainaut;6;4
engeltrude_de_f_zensac;father;leuthard_i_of_paris;1;2
peter_of_courtenay_lord_of_conches;parent;robert_of_courtenay_lord_of_champignelles;1;3
francis_duke_of_anjou;hasspouse;no;1345;2
nicholas_d_oisy_lord_of_avesnes;father;walter_i_lord_of_avesnes;1;3
guy_count_of_flanders;gender;male;417;1
francis_i_holy_roman_emperor;child;ferdinand_karl_archduke_of_austria_este;1;1
henry_i_of_france;spouse;matilda_of_frisia;1;5
john_i_duke_of_brittany;spouse;blanche_of_navarre_duchess_of_brittany;122;177
remigius_of_rouen;hasspouse;no;1076;1
bona_of_savoy;parent;louis_duke_of_savoy;1;1
ren__of_anjou;child;louis_of_anjou_marquis_of_pont___mousson;9;901
odo_ii_duke_of_burgundy;gender;male;80;1
louis_the_german;successor;louis_the_younger;1;3
ferdinand_philippe_duke_of_orl_ans;successor;prince_philippe_count_of_paris;1;1
alfonso_ix_of_le_n;spouse;theresa_of_portugal_queen_of_le_n;1;2
marie_de_medici;spouse;henry_iv_of_france;7;6
judith_of_habsburg;sibling;albert_i_of_germany;39;1
judith_of_habsburg;mother;gertrude_of_hohenberg;1;1
agatha_wife_of_edward_the_exile;hasspouse;yes;29;2
ludmilla_of_bohemia;hasspouse;yes;1;1
elisabeth_of_nuremberg;parent;elisabeth_of_meissen;2;1
henry_vii_of_england;child;henry_viii;1;1
alfonso_viii_of_castile;child;eleanor_of_castile_died_1244;6;33
leopold_duke_of_lorraine;child;elisabeth_therese_of_lorraine;327;2053
elisabeth_christine_of_brunswic_wolfenb_ttel;parent;louis_rudolph_duke_of_brunswic_l_neburg;1;2
blanche_of_brittany;spouse;philip_of_artois;1;3
anna_maria_of_mecklenburg_schwerin;mother;anna_maria_of_ostfriesland;3;2
beatrice_regina_della_scala;parent;mastino_ii_della_scala;1;3
afonso_iii_of_portugal;spouse;beatrice_of_castile_1242_1303;97;210
adelaide_of_paris;child;charles_the_simple;2;2
henry_ii_of_france;parent;claude_of_france;4;10
princess_maria_carolina_of_bourbo_two_sicilies_1820_1861;hasspouse;no;1132;1
valdemar_i_of_denmark;gender;male;172;1
isabella_i_of_castile;child;john_prince_of_asturias;2;23
borrell_ii_count_of_barcelona;hasspouse;no;1284;2
elisabeth_of_austria_duchess_of_lorraine;spouse;frederick_iv_duke_of_lorraine;2;1
philippe_i_duke_of_orl_ans;spouse;elizabeth_charlotte_madame_palatine;1;3
afonso_iv_of_portugal;child;peter_i_of_portugal;1;1
john_constable_of_portugal;gender;male;750;2
_lffl_d_wife_of_edward_the_elder;child;eadhild;3;12
carloman_of_bavaria;predecessor;louis_the_german;3;2
judith_of_poland;hasspouse;no;1337;1
prince_louis_count_of_aquila;hasspouse;no;1130;1
germaine_of_foix;hasspouse;yes;147;1
philip_v_of_france;predecessor;john_i_of_france;3;4
joanna_of_austria_grand_duchess_of_tuscany;child;marie_de_medici;3;1
john_of_gaunt;child;elizabeth_of_lancaster_duchess_of_exeter;57;990
alfonso_x_of_castile;child;beatrice_of_castile_1242_1303;1076;1444
margaret_of_bourbon_1438_1483;hasspouse;yes;46;1
ferdinand_i_of_the_two_sicilies;child;carlo_duke_of_calabria;1;2
isabeau_of_bavaria;hasspouse;yes;1;1
theobald_iii_count_of_blois;name;theobald_iii_count_of_blois;1269;1521
margaret_of_brabant;child;john_of_bohemia;1;1
princess_christine_louise_of_oettinge_oettingen;gender;female;4;1
ecgberht_king_of_wessex;name;ecgberht;1615;942
edward_iii_of_england;parent;isabella_of_france;1;1
peter_i_of_courtenay;hasspouse;no;1327;1
henry_ii_of_castile;predecessor;peter_of_castile;2;3
charles_d_orl_ans_duke_of_penthi_vre;hasspouse;no;1107;1
jeanne_de_bourbon_duchess_of_bourbon;mother;isabelle_de_beauvau;1;2
william_of_winchester_lord_of_lunenburg;parent;matilda_of_england_duchess_of_saxony;3;3
rudolf_i_of_germany;child;otto_iii_duke_of_bavaria;525;912
james_i_of_scotland;child;mary_stewart_countess_of_buchan;792;1175
frederick_iii_holy_roman_emperor;father;ernest_duke_of_austria;1;1
louis_bonaparte;name;louis_i;1445;118
walter_archbishop_of_sens;gender;male;1312;1
marie_caroline_of_bourbo_two_sicilies_duchess_of_berry;spouse;charles_ferdinand_duke_of_berry;5;4
richilde_countess_of_hainaut;spouse;baldwin_vi_count_of_flanders;2;2
matilda_of_b_thune;parent;robert_vii_lord_of_b_thune;1;4
agnes_of_merania;child;philip_i_count_of_boulogne;73;34
francis_ii_duke_of_brittany;father;richard_count_of__tampes;1;1
arnulf_count_of_holland;name;arnulf;58;665
john_of_bohemia;child;wenceslaus_i_duke_of_luxembourg;80;1047
philip_iv_of_spain;successor;john_iv_of_portugal;1;2
eleanor_of_aquitaine;child;richard_i_of_england;2;10
a_nor_de_ch_tellerault;mother;dangereuse_de_l_isle_bouchard;1;3
prince_christian_of_hesse_darmstadt;hasspouse;no;1316;1
antoinette_of_bourbon;sibling;charles_duke_of_vend_me;654;335
james_iii_of_scotland;name;james_iii;1713;743
ermentrude_of_orl_ans;child;louis_the_stammerer;1;1
louis_antoine_duke_of_angoul_me;hasspouse;yes;1585;1
louis_xviii;parent;maria_josepha_of_saxony_dauphine_of_france;27;11
francis_ii_of_france;father;henry_ii_of_france;1;1
louis_xiv;child;louis_auguste_duke_of_maine;522;1095
mahaut_of_ch_tillon;father;guy_iv_count_of_saint_pol;1;1
mary_of_burgundy_duchess_of_cleves;sibling;agnes_of_burgundy_duchess_of_bourbon;2;1
ferdinand_iv_of_castile;parent;sancho_iv_of_castile;1;1
maria_josepha_of_austria;child;maria_anna_sophia_of_saxony;277;1136
francis_ii_holy_roman_emperor;sibling;archduchess_maria_clementina_of_austria;1021;1795
louis_dauphin_of_france_son_of_louis_xv;child;charles_x;2;3
blanche_of_navarre_duchess_of_brittany;spouse;john_i_duke_of_brittany;178;125
henry_count_of_portugal;hasspouse;yes;82;2
william_ix_duke_of_aquitaine;spouse;ermengarde_of_anjou_d._1146;1;4
joan_i_of_navarre;parent;henry_i_of_navarre;1;1
john_iv_duke_of_brittany;spouse;joan_of_navarre_queen_of_england;1;3
bathilde_d_orl_ans;hasspouse;no;1270;1
gilbert_duke_of_lorraine;hasspouse;yes;35;1
charlotte_of_mecklenburg_strelitz;child;princess_amelia_of_the_united_kingdom;1;4
igor_yaroslavich;hasspouse;no;1001;1
adelaide_of_auxerre_born_c._870;gender;female;74;1
afonso_i_of_portugal;spouse;matilda_of_savoy_queen_of_portugal;395;508
cosimo_de_medici;successor;piero_di_cosimo_de_medici;1;1
henry_ii_of_england;child;geoffrey_archbishop_of_york;77;1046
philip_of_france_1116_1131;father;louis_vi_of_france;1;2
ramon_borrell_count_of_barcelona;gender;male;4;1
adelaide_countess_of_burgundy;hasspouse;yes;17;1
willa_of_tuscany;successor;gerberga_of_m_con;2;2
henry_the_lion;successor;otto_i_duke_of_bavaria;1;3
francesco_i_de_medici_grand_duke_of_tuscany;spouse;joanna_of_austria_grand_duchess_of_tuscany;2;4
louis_xii;gender;male;226;1
eleanor_of_aragon_queen_of_castile;hasspouse;yes;1515;1
marie_of_france_duchess_of_brabant;hasspouse;yes;1174;4
mary_of_hungary_queen_of_naples;child;john_duke_of_durazzo;63;892
joan_ii_countess_of_burgundy;parent;mahaut_countess_of_artois;1;1
john_stewart_of_darnley;successor;john_stewart_3rd_lord_of_aubigny;2232;1058
john_i_duke_of_brittany;father;peter_i_duke_of_brittany;1;1
berengaria_of_castile;hasspouse;yes;75;1
victor_amadeus_i_duke_of_savoy;child;princess_luisa_cristina_of_savoy;21;1091
eleanor_of_aquitaine;spouse;henry_ii_of_england;3;6
iziaslav_i_of_kiev;hasspouse;no;1089;1
charles_ii_of_naples;gender;male;57;1
ren__ii_duke_of_lorraine;father;frederick_ii_count_of_vaud_mont;2;9
rudolf_ii_holy_roman_emperor;predecessor;maximilian_ii_holy_roman_emperor;1;1
ingeborg_of_denmark_queen_of_france;gender;female;187;1
otto_iv_count_of_burgundy;predecessor;adelaide_countess_of_burgundy;1;2
adolphus_frederick_ii_duke_of_mecklenburg_strelitz;successor;adolphus_frederick_iii_duke_of_mecklenburg_strelitz;1;5
louis_i_of_brzeg;hasspouse;no;1270;1
matilda_of_ringelheim;hasspouse;yes;7;1
victor_amadeus_iii_of_sardinia;parent;polyxena_of_hesse_rotenburg;1;4
constance_of_castile;hasspouse;yes;5;1
maria_theresa_of_austria_este_queen_of_sardinia;child;maria_teresa_of_savoy_1803_1879;69;1178
louis_duke_of_savoy;hasspouse;yes;61;1
ferdinand_iv_of_castile;child;alfonso_xi_of_castile;2;2
mary_queen_of_scots;spouse;francis_ii_of_france;7;3
louis_iv_of_france;gender;male;32;1
hugh_iii_duke_of_burgundy;father;odo_ii_duke_of_burgundy;2;2
matilda_of_brandenburg_duchess_of_brunswic_l_neburg;spouse;otto_i_duke_of_brunswic_l_neburg;1;2
countess_sophia_albertine_of_erbach_erbach;gender;female;59;1
joan_of_valois_countess_of_hainaut;sibling;philip_vi_of_france;1;1
alfonso_x_of_castile;child;fernando_de_la_cerda_1255_1275;8;997
victor_amadeus_ii_of_sardinia;successor;charles_emmanuel_iii_of_sardinia;1;1
joanna_of_austria_grand_duchess_of_tuscany;name;joanna_of_austria;610;883
louis_xiii;father;henry_iv_of_france;1;1
robert_i_count_of_flanders;hasspouse;yes;105;1
hildegarde_of_burgundy;hasspouse;yes;4;1
ernest_augustus_elector_of_hanover;father;george_duke_of_brunswic_calenberg;2;5
ferdinand_iii_grand_duke_of_tuscany;predecessor;leopold_ii_holy_roman_emperor;8;1
ecgberht_king_of_wessex;successor;_thelwulf_king_of_wessex;1;1
louis_iv_holy_roman_emperor;child;stephen_ii_duke_of_bavaria;1;1
albert_i_duke_of_bavaria;hasspouse;yes;829;1
robert_ii_of_scotland;hasspouse;yes;61;1
gaston_de_foix_count_of_candale;hasspouse;yes;59;1
james_ii_of_scotland;parent;james_i_of_scotland;1;1
alexander_stewart_4th_high_steward_of_scotland;name;alexander_stewart;1070;614
gisela_of_burgundy_marchioness_of_montferrat;name;gisela_of_burgundy;2189;1278
elizabeth_of_bohemia_1292_1330;father;wenceslaus_ii_of_bohemia;1;2
philip_v_of_spain;parent;louis_dauphin_of_france_son_of_louis_xiv;7;2
margaret_of_valois;mother;catherine_de_medici;1;1
agnes_of_loon;spouse;otto_i_duke_of_bavaria;4;2
vladislaus_ii_of_hungary;gender;male;124;1
fernando_lord_of_serpa;hasspouse;no;1089;1
francis_hyacinth_duke_of_savoy;hasspouse;no;1369;1
pepin_the_short;successor;charlemagne;2;2
joan_beaufort_queen_of_scots;parent;margaret_holland_duchess_of_clarence;3;13
marie_antoinette;child;louis_xvii;1;1
adam_fitzroy;hasspouse;no;1045;1
charles_iii_duke_of_savoy;spouse;beatrice_of_portugal_duchess_of_savoy;3;4
albert_azzo_ii_margrave_of_milan;parent;albert_azzo_i_margrave_of_milan;11;9
ermentrude_de_roucy;spouse;otto_william_count_of_burgundy;4;2
frederick_prince_of_wales;child;george_iii;1;1
philip_the_bold;parent;john_ii_of_france;4;1
prince_leopold_count_of_syracuse;hasspouse;no;1130;1
joseph_ii_holy_roman_emperor;predecessor;maria_theresa;4;2
carloman_ii;gender;male;1874;1
joan_fitzalan_countess_of_hereford;sibling;alice_holland_countess_of_kent;2;1
leopold_ii_holy_roman_emperor;child;archduchess_maria_clementina_of_austria;1;2
john_i_duke_of_lorraine;gender;male;25;2
borrell_ii_count_of_barcelona;father;sunyer_count_of_barcelona;2;3
charlemagne;parent;pepin_the_short;2;3
afonso_iii_of_portugal;child;sancha_of_portugal_born_1264;1;1020
olga_of_kiev;spouse;igor_of_kiev;1;1
otto_iv_count_of_burgundy;parent;adelaide_countess_of_burgundy;1;2
cosimo_i_de_medici_grand_duke_of_tuscany;parent;giovanni_delle_bande_nere;1;2
louis_dauphin_of_france_son_of_louis_xv;child;louis_xvi;1;2
bonne_of_luxembourg;child;philip_the_bold;2;3
rudolph_of_france;predecessor;robert_i_of_france;1;1
elisabeth_of_cleves;spouse;stephen_iii_duke_of_bavaria;3;1
louis_i_duke_of_orl_ans;child;jean_de_dunois;249;1038
louise_henriette_de_bourbon;spouse;louis_philippe_i_duke_of_orl_ans;4;2
henry_i_of_england;spouse;matilda_of_scotland;3;2
victor_amadeus_ii_of_sardinia;child;victor_amadeus_prince_of_piedmont;3;31
theodoric_ii_duke_of_lorraine;child;simon_i_duke_of_lorraine;1;2
adelaide_of_auxerre_born_c._870;father;conrad_ii_duke_of_transjurane_burgundy;22;10
alys_of_france_countess_of_vexin;gender;female;20;1
leopold_duke_of_lorraine;name;leopold;1652;1011
louis_the_younger;predecessor;louis_the_german;3;1
henry_ii_of_navarre;gender;male;591;1
berthold_ii_count_of_andechs;name;berthold_ii;190;758
richard_duke_of_burgundy;name;richard;137;1050
hedwig_of_saxony;child;henry_i_duke_of_burgundy;2410;1204
matilda_of_frisia;hasspouse;yes;10;1
eleanor_of_portugal_holy_roman_empress;sibling;ferdinand_duke_of_viseu;5;10
william_i_count_of_burgundy;hasspouse;no;928;1
louis_xiii;sibling;elisabeth_of_france_1602_1644;1;1
catherine_of_valois;mother;isabeau_of_bavaria;157;672
rudolph_of_france;mother;adelaide_of_auxerre_born_c._870;2;1
richard_of_cornwall;hasspouse;no;946;1
bonne_of_luxembourg;child;john_duke_of_berry;1;4
edward_king_of_portugal;child;eleanor_of_portugal_holy_roman_empress;1;1
marie_eleonore_of_cleves;child;magdalene_sibylle_of_prussia;2;2
eleanor_of_alburquerque;father;sancho_alfonso;2;2
ermentrude_of_orl_ans;child;charles_the_child;408;1217
wilhelmine_amalie_of_brunswick;parent;benedicta_henrietta_of_the_palatinate;1;1
charles_v_duke_of_lorraine;spouse;eleonore_of_austria_queen_of_poland;1550;1354
robert_iii_count_of_dreux;gender;male;897;1
marie_ad_la_de_of_savoy;father;victor_amadeus_ii_of_sardinia;2;1
william_v_duke_of_aquitaine;parent;emma_of_blois;7;26
charles_count_of_valois;father;philip_iii_of_france;3;2
joanna_of_austria_grand_duchess_of_tuscany;child;eleanor_de_medici;3;12
cosimo_i_de_medici_grand_duke_of_tuscany;child;lucrezia_de_medici_duchess_of_ferrara;1;875
jacquetta_of_luxembourg;child;catherine_woodville_duchess_of_buckingham;19;1029
maria_josepha_of_austria;mother;wilhelmine_amalie_of_brunswick;2;2
john_ii_of_portugal;spouse;eleanor_of_viseu;3;2
princess_magdalena_augusta_of_anhalt_zerbst;child;princess_augusta_of_saxe_gotha;3;3
philip_iii_of_france;sibling;agnes_of_france_duchess_of_burgundy;9;5
louise_marie_ad_la_de_de_bourbon_duchess_of_orl_ans;parent;maria_teresa_felicitas_d_este;1;1
alexander_stewart_earl_of_buchan;hasspouse;no;1010;1
louis_rudolph_duke_of_brunswic_l_neburg;hasspouse;yes;784;1
walter_stewart_6th_high_steward_of_scotland;name;walter_stewart;914;667
christian_iii_count_palatine_of_zweibr_cken;gender;male;534;1
rudolph_duke_of_lorraine;mother;elisabeth_of_austria_duchess_of_lorraine;2;3
jacquetta_of_luxembourg;hasspouse;yes;53;1
louis_ii_duke_of_bavaria;mother;agnes_of_the_palatinate;1;3
otto_ii_duke_of_bavaria;hasspouse;yes;19;1
henry_iii_of_england;parent;isabella_of_angoul_me;2;4
john_the_fearless;child;agnes_of_burgundy_duchess_of_bourbon;2;2
louis_viii_of_france;child;alphonse_count_of_poitiers;290;1345
philippe_ii_duke_of_orl_ans;successor;louis_duke_of_orl_ans_1703_1752;1;1
giovanni_il_popolano;father;pierfrancesco_the_elder;2;2
leopold_ii_holy_roman_emperor;parent;maria_theresa;1;1
anne_of_foix_candale;child;louis_ii_of_hungary;38;509
berengaria_of_castile;gender;female;185;1
prince_philippe_count_of_paris;child;am_lie_of_orl_ans;1;9
dirk_iii_count_of_holland;child;floris_i_count_of_holland;1;2
arnulf_count_of_holland;spouse;lutgardis_of_luxemburg;1;3
princess_augusta_of_saxe_gotha;parent;princess_magdalena_augusta_of_anhalt_zerbst;1;2
frederick_iii_duke_of_lorraine;child;theobald_ii_duke_of_lorraine;2;3
afonso_v_of_portugal;parent;eleanor_of_aragon_queen_of_portugal;1;1
ferdinand_i_of_the_two_sicilies;gender;male;725;1
henry_ii_count_of_louvain;father;lambert_ii_count_of_louvain;2;1
maria_amalia_of_naples_and_sicily;gender;female;169;1
claude_fran_oise_de_lorraine;spouse;nicholas_francis_duke_of_lorraine;2;1
henry_ii_of_castile;spouse;juana_manuel;2;3
charles_iii_duke_of_lorraine;successor;henry_ii_duke_of_lorraine;1;2
louis_antoine_duke_of_angoul_me;predecessor;charles_x;2;1
alfonso_ii_of_aragon;predecessor;petronilla_of_aragon;1;2
elizabeth_of_austria_1436_1505;child;sigismund_i_the_old;2;914
philip_iv_of_spain;sibling;anne_of_austria;219;144
bona_of_savoy;child;bianca_maria_sforza;1979;1629
joan_ii_of_navarre;child;blanche_of_navarre_queen_of_france;1;1
sibylla_of_burgundy_duchess_of_burgundy;hasspouse;yes;1258;2
matilda_of_savoy_queen_of_portugal;spouse;afonso_i_of_portugal;488;410
maria_luisa_of_spain;child;archduchess_maria_amalia_of_austria_1780_1798;1;2
victor_amadeus_iii_of_sardinia;name;victor_amadeus_iii;2332;694
henry_vi_count_of_luxembourg;father;henry_v_count_of_luxembourg;1;1
anne_of_brittany;successor;claude_of_france;2;1
maria_amalia_of_saxony;child;infante_philip_duke_of_calabria;669;1065
otto_v_duke_of_brunswic_l_neburg;name;otto_v;299;792
eleanor_of_alburquerque;child;john_ii_of_aragon;11;15
philip_i_of_castile;successor;charles_v_holy_roman_emperor;1;1
werner_i_count_of_klettgau;hasspouse;no;904;1
john_ii_duke_of_bourbon;spouse;jeanne_de_bourbon_duchess_of_bourbon;1;1
fulk_ii_count_of_anjou;gender;male;1826;2
john_iv_duke_of_brittany;successor;john_v_duke_of_brittany;1;2
charles_ferdinand_duke_of_berry;hasspouse;yes;61;1
leopold_duke_of_lorraine;father;charles_v_duke_of_lorraine;3;3
princess_augusta_of_saxe_gotha;name;augusta_of_saxe_gotha;2290;789
baldwin_ii_count_of_hainaut;parent;richilde_countess_of_hainaut;1;3
rupert_king_of_the_romans;gender;male;333;2
antoine_duke_of_lorraine;father;ren__ii_duke_of_lorraine;1;1
elisabeth_of_carinthia_queen_of_the_romans;spouse;albert_i_of_germany;3;2
margaret_of_brabant;spouse;henry_vii_holy_roman_emperor;5;5
robert_the_strong;parent;robert_iii_of_worms;1;3
mary_of_guise;parent;claude_duke_of_guise;1;2
louis_viii_of_france;hasspouse;yes;42;1
yolanda_latin_empress;mother;margaret_i_countess_of_flanders;2;2
margaret_of_burgundy_queen_of_france;gender;female;6;1
hedwig_of_bavaria;name;hedwig;1863;819
peter_i_duke_of_brittany;parent;robert_ii_count_of_dreux;2;3
wenceslaus_ii_of_bohemia;spouse;judith_of_habsburg;4;2
piero_the_unfortunate;mother;clarice_orsini;1;3
francis_iv_duke_of_modena;predecessor;ercole_iii_d_este_duke_of_modena;1;3
louis_vii_of_france;child;alix_of_france;85;206
gerberga_of_lower_lorraine;hasspouse;yes;18;2
dorothea_of_brunswic_l_neburg;hasspouse;no;1054;1
frederick_prince_of_wales;spouse;princess_augusta_of_saxe_gotha;132;141
arnulf_ii_count_of_flanders;mother;matilda_of_saxony_countess_of_flanders;1;2
isabella_i_of_castile;child;joanna_of_castile;2;2
ferdinand_karl_archduke_of_austria_este;sibling;leopold_ii_holy_roman_emperor;1;1
hildegard_of_the_vinzgau;father;gerold_of_vinzgau;1;3
alix_of_brittany_dame_de_pontarcy;hasspouse;no;1239;1
odo_iv_duke_of_burgundy;hasspouse;yes;576;1
conrad_i_of_burgundy;gender;male;564;1
maria_anna_of_bavaria_born_1551;hasspouse;yes;61;2
sviatoslav_i;child;vladimir_the_great;3;1
alfonso_vii_of_le_n_and_castile;mother;urraca_of_le_n;1;2
theobald_i_of_navarre;spouse;margaret_of_bourbon_queen_of_navarre;1;1
john_stewart_earl_of_mar_died_1503;hasspouse;no;975;1
enno_iii_count_of_east_frisia;hasspouse;yes;34;1
maria_anna_of_bavaria_born_1551;child;archduke_maximilian_ernest_of_austria;139;965
marie_of_blois_duchess_of_anjou;hasspouse;yes;1;1
theobald_ii_of_navarre;hasspouse;no;993;1
valdemar_i_of_denmark;child;canute_vi_of_denmark;1;5
yolande_of_brittany;hasspouse;no;969;1
margaret_of_valois;spouse;henry_iv_of_france;8;6
joanna_of_bourbon;child;catherine_of_france_countess_of_montpensier;2;7
countess_palatine_dorothea_sophie_of_neuburg;gender;female;61;1
maria_josepha_of_saxony_dauphine_of_france;child;marie_z_phyrine_of_france;111;1041
theobald_i_of_navarre;gender;male;97;1
francis_ii_of_france;parent;catherine_de_medici;1;1
anne_of_bohemia_and_hungary;child;joanna_of_austria_grand_duchess_of_tuscany;2;5
margaret_of_valois_duchess_of_berry;hasspouse;yes;7;1
elisabeth_of_nuremberg;child;louis_iii_elector_palatine;228;1024
haziga_of_diessen;hasspouse;yes;1578;2
ernest_augustus_elector_of_hanover;gender;male;669;2
hugh_iv_duke_of_burgundy;child;john_of_burgundy_1231_68;65;1305
ferdinand_duke_of_viseu;father;edward_king_of_portugal;1;1
anne_stuart_born_1637;hasspouse;no;1099;1
maximilian_sforza;predecessor;louis_xii;2;1
clementia_of_burgundy;spouse;godfrey_i_count_of_louvain;1;1
henry_iv_of_france;child;nicolas_henri_duke_of_orl_ans;1;3
anna_maria_of_ostfriesland;father;enno_iii_count_of_east_frisia;1;3
henry_ii_of_france;child;claude_of_france_1547_1575;7;23
theresa_countess_of_portugal;marriedto;henry_count_of_portugal;1;1
marie__milie_de_joly_de_choin;hasspouse;yes;41;1
george_ii_of_great_britain;successor;george_iii;4;2
raymond_of_burgundy;hasspouse;yes;564;1
archduke_maximilian_francis_of_austria;hasspouse;no;966;1
madeleine_de_la_tour_d_auvergne;hasspouse;yes;7;1
theresa_countess_of_portugal;successor;afonso_i_of_portugal;1;1
fran_oise_marie_de_bourbon;child;louis_duke_of_orl_ans_1703_1752;1;2
thomas_francis_prince_of_carignano;hasspouse;no;1285;1
bona_of_savoy;sibling;charlotte_of_savoy;1;1
richard_i_of_england;successor;john_king_of_england;4;2
arthur_ii_duke_of_brittany;father;john_ii_duke_of_brittany;2;1
theodoric_ii_duke_of_lorraine;parent;gerard_duke_of_lorraine;1;1
maximilian_ii_holy_roman_emperor;name;maximilian_ii;1762;795
albert_v_duke_of_bavaria;hasspouse;yes;75;2
dorothea_of_denmark_duchess_of_brunswic_l_neburg;hasspouse;yes;1;1
louis_ix_of_france;child;isabella_of_france_queen_of_navarre;231;957
barbara_jagiellon;hasspouse;yes;73;1
countess_palatine_caroline_of_zweibr_cken;name;caroline;2558;794
philip_iii_of_spain;name;philip_iii_&_ii;530;951
maria_of_austria_holy_roman_empress;child;rudolf_ii_holy_roman_emperor;1;2
floris_i_count_of_holland;child;dirk_v_count_of_holland;1;2
charles_of_valois_duke_of_berry;hasspouse;no;1363;1
john_the_fearless;spouse;margaret_of_bavaria;3;5
antoine_duke_of_lorraine;predecessor;ren__ii_duke_of_lorraine;1;1
marie_louise_duchess_of_parma;name;marie_louise;2358;824
odo_iv_duke_of_burgundy;sibling;joan_the_lame;1;2
philip_william_elector_palatine;gender;male;468;1
louis_ix_of_france;mother;blanche_of_castile;1;1
ferdinand_i_of_the_two_sicilies;child;maria_cristina_of_naples_and_sicily;1701;1212
dirk_i_count_of_holland;gender;male;207;1
louise__lisabeth_of_france;child;ferdinand_duke_of_parma;54;1232
anne_gonzaga;child;anne_henriette_of_bavaria;474;1120
otto_v_duke_of_brunswic_l_neburg;father;frederick_ii_duke_of_brunswic_l_neburg;3;3
peter_i_duke_of_brittany;name;peter_i;2249;319
joan_i_countess_of_auvergne;spouse;john_ii_of_france;6;1
francis_ii_duke_of_lorraine;child;marguerite_of_lorraine;252;1254
hugh_iv_duke_of_burgundy;parent;odo_iii_duke_of_burgundy;1;1
anne_gonzaga;parent;charles_i_gonzaga_duke_of_mantua;1;3
louis_bonaparte;mother;letizia_bonaparte;1;1
berthold_i_of_istria;father;berthold_ii_count_of_andechs;1228;1146
robert_ii_of_scotland;child;thomas_stewart_bishop_of_st_andrews;406;956
sancho_alfonso;gender;male;79;1
henry_v_of_england;gender;male;50;1
william_i_of_provence;hasspouse;no;1136;2
arnulf_i_count_of_flanders;hasspouse;yes;285;1
isabella_duchess_of_lorraine;gender;female;249;1
louis_the_stammerer;gender;male;4;1
anna_of_holstei_gottorp;mother;christine_of_hesse;1;3
thankmar;hasspouse;no;896;1
joan_of_portugal;hasspouse;no;1256;1
charles_prince_of_anhalt_zerbst;gender;male;147;1
agnes_of_the_palatinate;spouse;otto_ii_duke_of_bavaria;3;2
manuel_i_of_portugal;predecessor;john_ii_of_portugal;2;2
philip_i_of_france;successor;louis_vi_of_france;4;2
peter_i_duke_of_brittany;hasspouse;yes;57;1
otto_i_duke_of_saxony;successor;henry_the_fowler;2535;2543
henry_ix_duke_of_bavaria;parent;judith_of_flanders_died_1095;2;3
charles_ii_of_spain;hasspouse;no;922;1
beatrice_of_hungary_dauphine_of_viennois;hasspouse;no;1177;1
boris_and_gleb;hasspouse;no;1148;1
mar_a_isabella_of_spain;mother;maria_luisa_of_parma;2;4
charles_iii_duke_of_lorraine;gender;male;233;1
alfonso_ii_count_of_provence;name;alfonso_ii;1423;792
joanna_of_bourbon;child;charles_vi_of_france;1;2
henry_iv_of_england;parent;john_of_gaunt;1;1
gisela_of_burgundy_marchioness_of_montferrat;father;william_i_count_of_burgundy;8;6
malusha;spouse;sviatoslav_i;4;4
cecily_of_york;hasspouse;no;1266;1
louis_duke_of_orl_ans_1703_1752;hasspouse;yes;67;2
charles_vi_of_france;child;john_duke_of_touraine;263;1288
joan_ii_countess_of_burgundy;parent;otto_iv_count_of_burgundy;1;1
gerberga_of_saxony;parent;henry_the_fowler;4;1
charles_emmanuel_iii_of_sardinia;spouse;polyxena_of_hesse_rotenburg;1;3
afonso_ii_of_portugal;gender;male;157;1
ogive_of_luxembourg;gender;female;1390;1
giovanni_di_bicci_de_medici;name;giovanni_de__medici;1385;766
afonso_iii_of_portugal;name;afonso_iii;9;699
pepin_of_herstal;child;grimoald_the_younger;1;5
ladislaus_the_posthumous;successor;frederick_iii_holy_roman_emperor;1;1
alfonso_viii_of_castile;child;berengaria_of_castile;16;470
alfonso_ii_of_aragon;child;constance_of_aragon;1820;1407
guy_count_of_flanders;spouse;matilda_of_b_thune;2;2
ferdinand_i_of_aragon;parent;eleanor_of_aragon_queen_of_castile;2;5
carloman_mayor_of_the_palace;successor;pepin_the_short;649;14
eleanor_of_aragon_queen_of_portugal;hasspouse;yes;9;2
louis_marie_duke_of_rambouillet;hasspouse;no;1036;1
herbert_iii_of_omois;hasspouse;yes;763;1
philip_the_bold;hasspouse;yes;1061;2
marie_de_medici;child;gaston_duke_of_orl_ans;8;4
margaret_tudor;spouse;james_iv_of_scotland;4;3
conrad_i_of_burgundy;father;rudolph_ii_of_burgundy;1;1
ferdinand_iii_of_castile;child;ferdinand_of_castile_born_1238;60;1195
maria_amalia_of_naples_and_sicily;child;charles_d_orl_ans_duke_of_penthi_vre;242;1367
louis_antoine_duke_of_angoul_me;gender;male;1421;1
theobald_iii_count_of_blois;spouse;gersende_of_maine;1;2
fran_oise_d_aubign__marquise_de_maintenon;spouse;louis_xiv;2;2
hemma;name;emma_of_altdorf;2478;750
wulfhilde_of_saxony;hasspouse;yes;1;1
madeleine_of_valois;spouse;james_v_of_scotland;2;1
charles_iv_holy_roman_emperor;predecessor;john_of_bohemia;2;1
princess_christine_louise_of_oettinge_oettingen;name;princess_christine_louise;2580;991
george_iii;parent;princess_augusta_of_saxe_gotha;1;1
theobald_iii_count_of_champagne;father;henry_i_count_of_champagne;129;374
afonso_v_of_portugal;successor;john_ii_of_portugal;1;1
odo_ii_count_of_blois;name;odo_ii;2326;431
ramon_berenguer_iv_count_of_barcelona;parent;douce_i_countess_of_provence;2;3
margaret_of_bavaria;mother;margaret_of_brieg;1;1
john_of_montfort;hasspouse;yes;1107;1
peter_ii_of_aragon;parent;sancha_of_castile_queen_of_aragon;12;31
joanna_of_austria_grand_duchess_of_tuscany;child;philip_de_medici;3;12
joseph_ii_holy_roman_emperor;successor;leopold_ii_holy_roman_emperor;2;1
lothair_ii_of_italy;name;lothair_ii;193;934
sophia_eleonore_of_saxony;child;anna_sophia_ii_abbess_of_quedlinburg;28;1147
louis_i_duke_of_bourbon;child;peter_i_duke_of_bourbon;1;2
benedicta_henrietta_of_the_palatinate;child;duchess_charlotte_felicitas_of_brunswic_l_neburg;1609;1083
archduchess_anna_of_austria;gender;female;1;1
john_of_burgundy_1231_68;hasspouse;no;1123;1
maria_amalia_of_naples_and_sicily;father;ferdinand_i_of_the_two_sicilies;5;4
margaret_of_brunswic_l_neburg;hasspouse;no;894;1
judith_of_bavaria_died_843;sibling;hemma;1;1
bona_of_savoy;child;anna_sforza;196;1126
margaret_of_baux;hasspouse;no;452;1
william_the_younger_duke_of_brunswic_l_neburg;gender;male;36;1
christine_of_saxony;gender;female;2114;2
james_i_of_scotland;spouse;joan_beaufort_queen_of_scots;4;5
robert_count_of_clermont;spouse;beatrice_of_burgundy_lady_of_bourbon;93;299
philip_iii_of_navarre;spouse;joan_ii_of_navarre;10;6
sviatopolk_i_of_kiev;hasspouse;no;976;1
anna_of_holstei_gottorp;parent;adolf_duke_of_holstei_gottorp;2;2
eleanor_of_lancaster;hasspouse;yes;1;1
john_iii_duke_of_brittany;successor;john_of_montfort;2;2
louis_dauphin_of_france_son_of_louis_xiv;father;louis_xiv;2;1
blanche_of_castile;mother;eleanor_of_england_queen_of_castile;1;1
dirk_i_count_of_holland;hasspouse;no;1362;1
rudolph_i_of_burgundy;gender;male;212;1
otto_v_margrave_of_brandenburg_salzwedel;hasspouse;no;1215;2
violant_of_bar;gender;female;58;1
maria_of_portugal_queen_of_castile;hasspouse;yes;57;1
charles_duke_of_vend_me;name;charles;1502;78
hucbert;hasspouse;no;1120;1
francis_ii_duke_of_lorraine;hasspouse;yes;421;1
catherine_of_foix_countess_of_candale;spouse;gaston_de_foix_count_of_candale;1;3
lorenzo_de_medici;father;piero_di_cosimo_de_medici;2;3
charles_vi_of_france;spouse;isabeau_of_bavaria;3;7
emmanuel_philibert_duke_of_savoy;hasspouse;yes;29;1
francis_i_of_france;sibling;margaret_of_valois_angoul_me;3;2
infanta_luisa_fernanda_duchess_of_montpensier;child;princess_marie_isabelle_of_orl_ans;2;3
charlotte_of_savoy;hasspouse;yes;17;1
maria_beatrice_d_este_duchess_of_massa;child;maria_theresa_of_austria_este_queen_of_sardinia;1;1
napoleon_ii;predecessor;napoleon;1;1
hedwig_jagiellon_duchess_of_bavaria;hasspouse;no;1317;1
princess_maria_christina_of_saxony_1735_1782;hasspouse;no;1028;1
louis_iii_of_anjou;hasspouse;no;1222;1
napoleon_ii;mother;marie_louise_duchess_of_parma;1;2
adela_of_milan;hasspouse;yes;1;1
infanta_maria_josefa_of_spain;hasspouse;no;927;1
mary_of_burgundy_duchess_of_cleves;child;john_i_duke_of_cleves;2034;1372
margaret_of_the_palatinate;mother;elisabeth_of_nuremberg;2;1
henry_vii_of_england;parent;lady_margaret_beaufort;1;5
maria_of_aragon_queen_of_portugal;child;henry_king_of_portugal;437;814
louis_duke_of_orl_ans_1703_1752;successor;louis_philippe_i_duke_of_orl_ans;2;1
john_ii_of_aragon;parent;ferdinand_i_of_aragon;2;2
afonso_i_duke_of_braganza;hasspouse;yes;73;1
ad_la_de_d_orl_ans;hasspouse;no;1278;1
margaret_of_burgundy_queen_of_france;child;joan_ii_of_navarre;7;6
nicholas_francis_duke_of_lorraine;name;nicholas_francis;1200;742
beatrice_of_castile_1242_1303;spouse;afonso_iii_of_portugal;201;114
edward_the_elder;child;eadgyth;1;1
odo_i_duke_of_burgundy;hasspouse;yes;1593;1
frederick_ii_duke_of_lorraine;father;frederick_i_duke_of_lorraine;2;2
_thelwulf_king_of_wessex;spouse;judith_of_flanders;1;1
ladislaus_of_naples;hasspouse;no;906;2
pepin_of_herstal;parent;begga;1;3
matilda_of_france;child;bertha_of_burgundy;1;2
anne_of_brittany;spouse;maximilian_i_holy_roman_emperor;4;4
maria_beatrice_d_este_duchess_of_massa;father;ercole_iii_d_este_duke_of_modena;270;233
hemma;gender;female;479;2
rurik;gender;male;509;1
ermengarde_of_anjou_duchess_of_burgundy;name;ermengarde_of_anjou;350;1078
philip_ii_of_spain;name;philip_ii_&_i;184;876
charles_ii_archduke_of_austria;spouse;maria_anna_of_bavaria_born_1551;84;371
margaret_stewart_dauphine_of_france;gender;female;19;1
marie_louise_duchess_of_parma;spouse;charles_ren__de_bombelles;1;1
dirk_ii_count_of_holland;successor;arnulf_count_of_holland;1;2
yaroslav_the_wise;child;anne_of_kiev;1;1
marie_of_brittany_countess_of_saint_pol;mother;beatrice_of_england;1;1
philip_ii_of_france;spouse;ingeborg_of_denmark_queen_of_france;2;5
antoine_duke_of_lorraine;gender;male;14;1
louis_duke_of_savoy;mother;mary_of_burgundy_duchess_of_savoy;1;5
louis_philippe_i;successor;ferdinand_philippe_duke_of_orl_ans;1;2
charles_vii_of_france;father;charles_vi_of_france;1;1
odoardo_farnese_hereditary_prince_of_parma;spouse;countess_palatine_dorothea_sophie_of_neuburg;2;1
isabella_of_portugal_duchess_of_burgundy;gender;female;43;1
archduchess_maria_clementina_of_austria;sibling;francis_ii_holy_roman_emperor;1670;1005
francis_i_holy_roman_emperor;successor;joseph_ii_holy_roman_emperor;2;13
clementia_of_hungary;child;john_i_of_france;4;3
william_i_count_of_hainaut;gender;male;69;1
louis_count_of__vreux;sibling;philip_iv_of_france;6;5
sibylla_of_anjou;sibling;geoffrey_plantagenet_count_of_anjou;1;1
louis_xi;spouse;charlotte_of_savoy;359;639
helie_of_burgundy;hasspouse;no;1300;1
jeanne_d_albret;predecessor;henry_ii_of_navarre;1;1
louis_xiv;child;philippe_charles_duke_of_anjou;232;1003
anund_jacob;hasspouse;no;979;1
garzia_de_medici;hasspouse;no;1054;1
landgravine_elisabeth_amalie_of_hesse_darmstadt;spouse;philip_william_elector_palatine;1;2
archduke_joseph_franz_of_austria;hasspouse;no;1049;1
beatrice_of_silesia;child;matilda_of_bavaria_margravine_of_meissen;2;1
elisabeth_farnese;child;maria_teresa_rafaela_of_spain;98;1693
maria_teresa_felicitas_d_este;hasspouse;yes;1;1
charles_vi_of_france;child;marie_of_valois_prioress_of_poissy;148;1413
clementia_of_hungary;gender;female;139;1
matthew_i_of_montmorency;hasspouse;yes;1186;2
sunyer_count_of_barcelona;father;wilfred_the_hairy;1;3
frederick_iii_holy_roman_emperor;parent;cymburgis_of_masovia;2;6
charles_count_of_valois;sibling;philip_iv_of_france;6;4
anne_of_bohemia_and_hungary;child;archduchess_anna_of_austria;2;1
caterina_sforza;hasspouse;yes;3;1
frederick_ii_duke_of_lorraine;parent;wierzchoslawa_ludmilla_of_greater_poland;2;3
frederick_iii_duke_of_lorraine;father;matthias_ii_duke_of_lorraine;2;3
odo_iv_duke_of_burgundy;parent;agnes_of_france_duchess_of_burgundy;1;1
vladimir_the_great;gender;male;32;1
henry_v_of_england;mother;mary_de_bohun;1;3
louise_de_maisonblanche;hasspouse;no;1112;1
charles_ix_of_france;gender;male;164;1
count_of_boulogne;hasspouse;no;1019;1
isabel_of_barcelos;mother;beatriz_pereira_de_alvim;1;4
rudolf_i_of_germany;child;hedwig_of_habsburg;1;6
isabella_de_beauchamp;father;william_de_beauchamp_9th_earl_of_warwick;2;2
rudolf_ii_count_of_habsburg;hasspouse;no;1000;1
catherine_de_medici;child;louis_of_valois;1;3
igor_of_kiev;hasspouse;yes;666;1
rupert_king_of_the_romans;spouse;elisabeth_of_nuremberg;3;2
dorotea_gonzaga;hasspouse;yes;775;1
charles_d_vreux;hasspouse;no;1109;1
charles_ii_duke_of_savoy;successor;philip_ii_duke_of_savoy;1076;1910
anna_of_nassau_dillenburg;gender;female;509;1
maria_theresa_of_spain;child;philippe_charles_duke_of_anjou;605;1062
louis_duke_of_savoy;predecessor;amadeus_viii_duke_of_savoy;1;1
burkhard_v_count_of_hohenberg;gender;male;1890;1
henry_iv_of_france;child;catherine_henriette_de_bourbon;175;1300
theobald_ii_duke_of_lorraine;child;frederick_iv_duke_of_lorraine;2;3
adelaide_of_burgundy_duchess_of_brabant;sibling;robert_ii_duke_of_burgundy;4;4
henry_ii_of_england;mother;empress_matilda;1;1
charles_iii_duke_of_savoy;parent;claudine_de_brosse;3;11
philip_i_count_of_flanders;hasspouse;no;1335;1
mariana_victoria_of_spain;hasspouse;no;938;2
vladimir_the_great;parent;sviatoslav_i;1;2
philip_iii_of_france;spouse;marie_of_brabant_queen_of_france;3;7
charles_emmanuel_i_duke_of_savoy;hasspouse;yes;1543;2
yaropolk_i_of_kiev;hasspouse;no;1201;2
sancho_iv_of_castile;mother;violant_of_aragon;103;477
maria_josepha_of_saxony_dauphine_of_france;name;maria_josepha_of_saxony;2359;784
fulk_iv_count_of_anjou;mother;ermengarde_of_anjou_duchess_of_burgundy;1;2
charles_the_fat;mother;hemma;2;3
theodoric_ii_duke_of_lorraine;father;gerard_duke_of_lorraine;1;1
ecgberht_king_of_wessex;child;_thelwulf_king_of_wessex;1;1
ramon_berenguer_iii_count_of_barcelona;name;ramon_berenguer_iii;2483;759
mercedes_of_orl_ans;hasspouse;no;1223;1
giovanni_il_popolano;spouse;caterina_sforza;2;2
joanna_of_castile;child;ferdinand_i_holy_roman_emperor;8;2
hedwig_of_bavaria;gender;female;16;1
antoine_duke_of_montpensier;hasspouse;yes;282;1
urraca_of_le_n;gender;female;20;2
hortense_de_beauharnais;child;napol_on_charles_bonaparte;1;3
claude_of_france;child;henry_ii_of_france;9;5
paul_scarron;hasspouse;yes;75;1
john_i_duke_of_lorraine;child;charles_ii_duke_of_lorraine;320;1616
ferdinand_ii_of_le_n;parent;berengaria_of_barcelona;5;3
william_i_count_of_burgundy;mother;alice_of_normandy;2;2
eleanor_of_castile;predecessor;joan_countess_of_ponthieu;3;1
lambert_i_count_of_louvain;father;reginar_iii_count_of_hainaut;2;2
sviatoslav_i;name;sviatoslav_the_brave;2554;875
albert_i_of_germany;predecessor;adolf_king_of_the_romans;736;613
henry_son_of_robert_i_of_burgundy;name;henry_of_burgundy;2007;720
marie_louise_duchess_of_parma;mother;maria_theresa_of_naples_and_sicily;1;1
odo_iv_duke_of_burgundy;successor;philip_i_duke_of_burgundy;1;1
elizabeth_of_austria_1436_1505;child;vladislaus_ii_of_hungary;355;2440
henrietta_maria;child;anne_stuart_born_1637;89;1329
robert_duke_of_bar;gender;male;81;1
henry_vi_of_england;predecessor;edward_iv_of_england;1;1
charles_ix_of_france;child;marie_elisabeth_of_france;90;112
theobald_i_of_navarre;name;theobald_i;1706;843
ferdinand_i_of_the_two_sicilies;child;maria_amalia_of_naples_and_sicily;3;3
frederick_iii_duke_of_austria;hasspouse;no;1054;1
thomas_arundel;hasspouse;no;1328;1
fran_oise_ath_na_s_de_rochechouart_marquise_de_montespan;spouse;louis_xiv;253;1213
in_s_de_castro;father;pedro_fern_ndez_de_castro;1;2
james_ii_of_scotland;parent;joan_beaufort_queen_of_scots;1;2
helie_of_semur;hasspouse;yes;14;1
maria_anna_of_bavaria_born_1551;spouse;charles_ii_archduke_of_austria;361;87
marie_de_medici;gender;female;103;1
charles_iii_duke_of_savoy;mother;claudine_de_brosse;3;10
sophia_of_holstei_gottorp;spouse;john_vii_duke_of_mecklenburg_schwerin;1;1
john_i_of_castile;hasspouse;yes;159;1
elizabeth_charlotte_madame_palatine;hasspouse;yes;5;1
liudolf_duke_of_saxony;hasspouse;no;894;1
margaret_of_savoy_countess_of_saint_pol;father;louis_duke_of_savoy;1;1
boso_the_elder;child;hucbert;1599;1494
louis_i_of_anjou;successor;louis_ii_of_anjou;1;1
vladislaus_ii_of_hungary;spouse;anne_of_foix_candale;1;2
philip_ii_duke_of_savoy;father;louis_duke_of_savoy;3;1
louis_the_stammerer;child;louis_iii_of_france;1;2
clemence_of_austria;sibling;judith_of_habsburg;1;11
rudolf_i_of_germany;child;judith_of_habsburg;1;6
louis_xviii;gender;male;7;1
margaret_of_baux;father;francis_of_baux;1;2
ramon_borrell_count_of_barcelona;parent;letgarda_de_rouergue;646;703
alan_stewart_of_darnley;hasspouse;no;1245;1
hedwig_of_saxony;father;henry_the_fowler;6;1
john_stewart_of_darnley;gender;male;10;1
frederick_ii_count_of_vaud_mont;parent;marie_countess_of_harcourt;2;3
maria_josepha_of_austria;child;maria_kunigunde_of_saxony;128;1209
henri_count_of_chambord;predecessor;charles_x;3;3
william_ix_duke_of_aquitaine;name;william_ix;1524;1093
ferdinand_philippe_duke_of_orl_ans;child;prince_philippe_count_of_paris;1;1
joan_of_france_duchess_of_berry;name;saint_joan_of_valois_o.ann.m.;1454;829
albert_casimir_duke_of_teschen;hasspouse;no;993;1
charles_iii_duke_of_savoy;father;philip_ii_duke_of_savoy;5;1
geoffrey_plantagenet_count_of_anjou;successor;henry_ii_of_england;1;2
conrad_ii_duke_of_transjurane_burgundy;hasspouse;no;901;2
ramon_berenguer_iii_count_of_barcelona;mother;maud_of_apulia;2;6
countess_amalia_katharina_of_waldeck;hasspouse;no;199;1
odo_iv_duke_of_burgundy;gender;male;1675;2
wierzchoslawa_ludmilla_of_greater_poland;hasspouse;yes;14;1
louis_vii_of_france;mother;adelaide_of_maurienne;1;1
alfonso_ii_count_of_provence;child;ramon_berenguer_iv_count_of_provence;8;13
anne_marie_th_r_se_de_lorraine;hasspouse;no;1263;1
yaroslav_the_wise;child;vladimir_of_novgorod;784;1277
louis_ix_of_france;predecessor;louis_viii_of_france;1;1
margaret_of_foix;parent;gaston_iv_count_of_foix;1;1
mar_a_isabella_of_spain;child;teresa_cristina_of_the_two_sicilies;136;1051
henry_ii_duke_of_brabant;father;henry_i_duke_of_brabant;1;1
alfonso_of_molina;hasspouse;no;1172;1
james_gordon_jesuit;hasspouse;no;1288;1
philip_ii_of_spain;spouse;mary_i_of_england;1;1
james_hepburn_4th_earl_of_bothwell;father;patrick_hepburn_3rd_earl_of_bothwell;279;550
philip_ii_duke_of_savoy;predecessor;charles_ii_duke_of_savoy;1871;1084
charles_martel;child;hiltrud;192;1177
augustus_iii_of_poland;spouse;maria_josepha_of_austria;1;3
aimery_i_viscount_of_ch_tellerault;hasspouse;yes;1279;2
henry_iii_of_england;child;beatrice_of_england;4;3
beatrice_of_silesia;child;louis_v_duke_of_bavaria;16;18
eleanor_of_aragon_queen_of_castile;gender;female;1328;1
ren__of_savoy;hasspouse;no;963;1
joseph_i_holy_roman_emperor;spouse;wilhelmine_amalie_of_brunswick;3;1
marie_th_r_se_of_france;mother;marie_antoinette;1;1
henry_ii_of_castile;mother;eleanor_de_guzm_n;2;4
philip_iii_of_navarre;predecessor;charles_iv_of_france;2;1
countess_sophia_albertine_of_erbach_erbach;spouse;ernest_frederick_i_duke_of_saxe_hildburghausen;1;2
margaret_of_france_queen_of_england_and_hungary;hasspouse;no;1032;1
werner_ii_count_of_habsburg;parent;otto_ii_count_of_habsburg;752;373
elizabeth_of_austria_1436_1505;child;sophia_jagiellon_margravine_of_brandenburg_ansbach;1;1157
louis_philippe_i_duke_of_orl_ans;father;louis_duke_of_orl_ans_1703_1752;1;2
maria_luisa_of_spain;mother;maria_amalia_of_saxony;1;1
robert_ii_count_of_dreux;predecessor;agnes_de_baudemont;1;2
dangereuse_de_l_isle_bouchard;hasspouse;yes;24;1
alfonso_ii_count_of_provence;successor;ramon_berenguer_iv_count_of_provence;10;3
antoine_of_navarre;predecessor;henry_ii_of_navarre;257;45
salomea_of_berg;father;henry_i_count_of_berg;2596;864
maria_theresa_of_savoy;spouse;charles_x;8;6
christine_of_hesse;parent;philip_i_landgrave_of_hesse;2;3
marie_of_brittany_countess_of_saint_pol;spouse;guy_iv_count_of_saint_pol;2;6
archduke_anton_victor_of_austria;hasspouse;no;1207;1
beatriz_of_portugal_duchess_of_viseu;father;john_constable_of_portugal;2;13
cardinal_infante_ferdinand_of_austria;hasspouse;no;1360;1
james_i_of_aragon;successor;peter_iii_of_aragon;1;2
odo_of_france;parent;adelaide_of_tours;1;1
berthold_ii_count_of_andechs;parent;schweinfurt;487;778
philip_de_medici;hasspouse;no;1263;1
robert_count_of_clermont;father;louis_ix_of_france;1;1
judith_of_habsburg;child;margaret_of_bohemia_duchess_of_wroclaw;173;1314
john_the_fearless;child;margaret_of_nevers;1;2
william_v_duke_of_aquitaine;mother;emma_of_blois;5;32
joan_of_france_duchess_of_berry;hasspouse;yes;670;1
gisela_of_burgundy_marchioness_of_montferrat;parent;william_i_count_of_burgundy;9;5
margaret_douglas;name;lady_margaret_douglas;2231;758
madeleine_de_la_tour_d_auvergne;mother;jeanne_de_bourbon_duchess_of_bourbon;1;2
godfrey_i_count_of_louvain;parent;verdun;424;994
charlotte_agla__d_orl_ans;spouse;francesco_iii_d_este_duke_of_modena;2;2
lorenzo_de_medici;name;lorenzo_di_piero_de__medici;248;769
princess_augusta_sophia_of_the_united_kingdom;hasspouse;no;1248;1
henry_ii_of_france;spouse;catherine_de_medici;7;8
margaret_of_austria_queen_of_spain;child;philip_iv_of_spain;4;5
arthur_ii_duke_of_brittany;mother;beatrice_of_england;1;1
ermengarde_of_hesbaye;parent;ingerman_count_of_hesbaye;1;3
charles_vi_holy_roman_emperor;hasspouse;yes;100;1
louis_xv;successor;louis_xvi;3;4
catherine_henriette_de_bourbon;hasspouse;no;1144;1
princess_louise_of_hesse_darmstadt_1757_1830;name;louise_of_hesse_darmstadt;669;622
louis_xiv;spouse;fran_oise_ath_na_s_de_rochechouart_marquise_de_montespan;808;233
mar_a_isabella_of_spain;parent;charles_iv_of_spain;2;3
ferdinand_iii_grand_duke_of_tuscany;hasspouse;no;1228;1
eleanor_of_england_queen_of_castile;child;urraca_of_castile_queen_of_portugal;28;92
francesco_i_sforza;successor;galeazzo_maria_sforza;1;1
alphonse_count_of_poitiers;hasspouse;no;1104;1
james_i_count_of_la_marche;child;peter_ii_count_of_la_marche;901;1179
maria_of_montpellier;gender;female;128;1
peter_tempesta;hasspouse;no;946;1
princess_isabelle_of_orl_ans_1878_1961;hasspouse;no;1288;1
charles_emmanuel_iii_of_sardinia;hasspouse;yes;1509;1
napol_on_louis_bonaparte;hasspouse;no;1223;1
sudislav;hasspouse;no;1172;1
charles_iii_of_spain;parent;elisabeth_farnese;1;1
elisabeth_christine_of_brunswic_wolfenb_ttel;name;elisabeth_christine_of_brunswick;2237;791
ferdinand_ii_of_aragon;spouse;isabella_i_of_castile;2;2
joan_ii_of_navarre;successor;charles_ii_of_navarre;1;3
arnulf_i_count_of_flanders;gender;male;7;1
adelaide_of_maurienne;mother;gisela_of_burgundy_marchioness_of_montferrat;1;5
maria_theresa;child;joseph_ii_holy_roman_emperor;1;6
louis_xii;spouse;mary_tudor_queen_of_france;1744;2230
robert_ii_of_france;child;hugh_magnus;1;1
conrad_i_of_burgundy;child;bertha_of_burgundy;1;2
mary_queen_of_scots;gender;female;24;1
charlotte_of_savoy;child;joan_of_france_duchess_of_berry;2;10
baldwin_ii_margrave_of_flanders;spouse;_lfthryth_countess_of_flanders;1;2
maximilian_ii_holy_roman_emperor;child;maximilian_iii_archduke_of_austria;1;4
henry_the_fowler;predecessor;otto_i_duke_of_saxony;2535;2528
james_of_avesnes;hasspouse;no;972;1
ramon_berenguer_iv_count_of_provence;predecessor;alfonso_ii_count_of_provence;3;10
james_v_of_scotland;child;mary_queen_of_scots;1;3
marie_of_luxembourg_countess_of_vend_me;parent;peter_ii_count_of_saint_pol;2;5
alfred_the_great;mother;osburh;2;2
bouchard_iv_of_avesnes;father;james_of_avesnes;3;2
theudoald;predecessor;pepin_of_herstal;1;1
antoine_duke_of_montpensier;child;infante_antonio_duke_of_galliera;2;12
rudolf_i_of_germany;child;matilda_of_habsburg;3;7
matthias_i_duke_of_lorraine;name;matthias;2289;754
alfonso_x_of_castile;sibling;eleanor_of_castile;1;4
bertrade_of_montfort;parent;simon_i_de_montfort;2;3
alfonso_v_of_aragon;predecessor;ferdinand_i_of_aragon;1;2
john_iv_duke_of_brittany;child;richard_count_of__tampes;1;2
christian_iii_count_palatine_of_zweibr_cken;spouse;countess_caroline_of_nassau_saarbr_cken;2;2
alfonso_ix_of_le_n;child;alfonso_of_molina;33;1359
alfonso_xi_of_castile;hasspouse;yes;610;1
joanna_of_austria_grand_duchess_of_tuscany;sibling;archduchess_anna_of_austria;2;1
john_vii_duke_of_mecklenburg_schwerin;name;johann_vii_duke_of_mecklenburg;43;1125
yolanda_latin_empress;child;henry_ii_of_namur;29;1281
magdalene_sibylle_of_prussia;hasspouse;yes;3;1
ferdinand_i_of_the_two_sicilies;spouse;maria_carolina_of_austria;14;10
bona_of_savoy;gender;female;9;1
yolande_of_dreux_duchess_of_burgundy;name;yolande_of_dreux;126;780
antoinette_of_bourbon;spouse;claude_duke_of_guise;2;3
charles_v_holy_roman_emperor;sibling;ferdinand_i_holy_roman_emperor;5;2
ferdinand_duke_of_viseu;sibling;afonso_v_of_portugal;2;1
maria_luisa_of_spain;child;archduke_charles_duke_of_teschen;1;2
princess_augusta_of_saxe_gotha;spouse;frederick_prince_of_wales;124;124
louis_xii;hasspouse;yes;398;1
joanna_of_austria_grand_duchess_of_tuscany;sibling;maria_of_austria_duchess_of_j_lich_cleves_berg;2;1
henry_i_of_navarre;spouse;blanche_of_artois;4;4
marie_of_cleves_duchess_of_orl_ans;parent;adolph_i_duke_of_cleves;2;3
barbara_jagiellon;child;magdalena_of_saxony;137;960
eleanor_of_england_queen_of_castile;hasspouse;yes;7;1
violant_of_hungary;gender;female;460;1
henry_count_of_portugal;child;afonso_i_of_portugal;3;1
yolanda_latin_empress;child;elisabeth_of_courtenay;36;1032
elizabeth_the_cuman;child;anna_of_hungary_byzantine_empress;19;1068
dirk_ii_count_of_holland;father;dirk_i_count_of_holland;1;1
joanna_of_castile;predecessor;ferdinand_ii_of_aragon;1;1
louis_philippe_ii_duke_of_orl_ans;father;louis_philippe_i_duke_of_orl_ans;1;1
princess_elisabeth_albertine_of_saxe_hildburghausen;hasspouse;yes;25;1
maria_carolina_of_austria;child;maria_cristina_of_naples_and_sicily;442;1140
blanche_of_castile;child;charles_i_of_anjou;1;4
charles_vi_of_france;hasspouse;yes;297;1
marie_de_medici;child;elisabeth_of_france_1602_1644;1;1
gerberga_of_saxony;mother;matilda_of_ringelheim;2;1
reginar_iii_count_of_hainaut;gender;male;427;1
marie_antoinette;parent;maria_theresa;1;1
louis_ii_of_anjou;spouse;violant_of_bar;3;3
adolphus_frederick_ii_duke_of_mecklenburg_strelitz;parent;adolphus_frederick_i_duke_of_mecklenburg_schwerin;3;2
john_i_of_portugal;sibling;beatrice_of_portugal_died_1381;3;1
elizabeth_of_york;child;margaret_tudor;16;35
werner_ii_count_of_habsburg;father;otto_ii_count_of_habsburg;733;278
louis_x_of_france;name;louis_x;2494;1135
hugh_ii_duke_of_burgundy;gender;male;25;1
lutgardis_of_luxemburg;gender;female;112;2
louis_vi_of_france;child;henry_of_france_archbishop_of_reims;1;1
charles_ferdinand_prince_of_capua;hasspouse;no;1209;1
henry_the_fowler;parent;otto_i_duke_of_saxony;2590;2517
peter_i_duke_of_brittany;predecessor;alix_duchess_of_brittany;1;1
maximilian_ii_holy_roman_emperor;child;anna_of_austria_queen_of_spain;4;18
richende_de_bourges;gender;female;1538;2
louis_philippe_i_duke_of_orl_ans;name;louis_philippe_i;76;2041
_thelwulf_king_of_wessex;child;alfred_the_great;2;4
sophia_of_minsk;child;canute_vi_of_denmark;1;61
elizabeth_of_bohemia_1292_1330;child;john_henry_margrave_of_moravia;4;8
juana_enr_quez;spouse;john_ii_of_aragon;1;2
frederick_iii_duke_of_lorraine;predecessor;matthias_ii_duke_of_lorraine;2;3
