gerolf_of_holland;hasspouse;no;1072;5
joan_of_france_duchess_of_berry;gender;female;754;3
eleanor_of_lancaster;child;alice_holland_countess_of_kent;2;3
leopold_ii_holy_roman_emperor;parent;francis_i_holy_roman_emperor;3;4
henry_i_duke_of_brabant;spouse;marie_of_france_duchess_of_brabant;1398;2269
francis_ii_duke_of_brittany;successor;anne_of_brittany;3;4
stephen_iii_duke_of_bavaria;parent;stephen_ii_duke_of_bavaria;6;4
adolphus_frederick_iii_duke_of_mecklenburg_strelitz;predecessor;adolphus_frederick_ii_duke_of_mecklenburg_strelitz;8;2
george_i_of_great_britain;father;ernest_augustus_elector_of_hanover;3;4
frederick_ii_duke_of_lorraine;parent;frederick_i_duke_of_lorraine;2;2
charlotte_of_bourbon_queen_of_cyprus;child;john_ii_of_cyprus;1210;2118
albert_ii_duke_of_austria;father;albert_i_of_germany;7;6
blanche_of_navarre_queen_of_france;name;blanche_of_navarre;472;2550
ferdinand_i_holy_roman_emperor;child;archduchess_magdalena_of_austria;23;814
james_iii_of_scotland;child;james_stewart_duke_of_ross;354;786
maria_beatrice_d_este_duchess_of_massa;parent;ercole_iii_d_este_duke_of_modena;4;6
beatrice_of_albon;hasspouse;yes;419;2
carlo_buonaparte;spouse;letizia_bonaparte;4;5
adelaide_of_leuven;spouse;simon_i_duke_of_lorraine;5;2
yolande_of_aragon;gender;female;144;2
henri_count_of_chambord;name;prince_henri;421;2591
bertha_of_holland;father;floris_i_count_of_holland;2;2
berthold_duke_of_merania;father;berthold_i_of_istria;2;4
otto_i_duke_of_brunswic_l_neburg;parent;helena_of_denmark;3;4
ferdinand_ii_of_le_n;father;alfonso_vii_of_le_n_and_castile;3;2
hamelin_de_warenne_earl_of_surrey;hasspouse;no;95;2
louis_xvii;predecessor;louis_xvi;2;2
maria_theresa;child;archduchess_maria_josepha_of_austria;2;4
francesco_i_de_medici_grand_duke_of_tuscany;parent;cosimo_i_de_medici_grand_duke_of_tuscany;2;2
henry_i_duke_of_brabant;parent;godfrey_iii_count_of_louvain;3;4
dorotea_gonzaga;spouse;galeazzo_maria_sforza;4;2
stephen_iii_of_auxonne;name;stephen_iii;863;2596
camilla_martelli;spouse;cosimo_i_de_medici_grand_duke_of_tuscany;6;2
adelaide_of_aquitaine;parent;gerloc;2;4
afonso_iii_of_portugal;predecessor;sancho_ii_of_portugal;2;4
agnes_of_burgundy_duchess_of_bourbon;predecessor;marie_duchess_of_auvergne;2;10
ernest_i_duke_of_brunswic_l_neburg;mother;margaret_of_saxony_duchess_of_brunswic_l_neburg;15;7
victoire_of_france_1733_1799;hasspouse;no;11;2
christian_duke_of_brunswic_l_neburg;hasspouse;no;1008;3
benedicta_henrietta_of_the_palatinate;father;edward_count_palatine_of_simmern;2;3
charles_vi_holy_roman_emperor;successor;victor_amadeus_ii_of_sardinia;4;2
christine_of_hesse;mother;christine_of_saxony;2;2
philip_iii_of_france;parent;louis_ix_of_france;3;2
isabella_of_portugal_duchess_of_burgundy;spouse;philip_the_good;6;3
magnus_i_duke_of_brunswic_l_neburg;gender;male;530;2
mary_of_avesnes;gender;female;126;1
mary_queen_of_scots;predecessor;james_v_of_scotland;3;2
ferdinand_philippe_duke_of_orl_ans;father;louis_philippe_i;3;3
matilda_of_frisia;father;liudolf_margrave_of_frisia;4;2
louis_ix_of_france;parent;louis_viii_of_france;5;6
maria_luisa_of_parma;gender;female;480;3
antoinette_of_bourbon;child;claude_duke_of_aumale;225;855
charles_v_holy_roman_emperor;gender;male;25;1
berengaria_of_castile;successor;ferdinand_iii_of_castile;2;2
boso_ii_of_italy;hasspouse;no;786;4
valdemar_i_of_denmark;parent;ingeborg_of_kiev;1360;1069
maria_kunigunde_of_saxony;hasspouse;no;1148;8
elizabeth_of_bohemia_1292_1330;child;anne_of_bohemia_duchess_of_austria;6;8
otto_iv_count_of_burgundy;hasspouse;yes;18;1
joan_countess_of_ponthieu;hasspouse;yes;1;1
james_i_of_scotland;child;annabella_of_scotland;25;974
amadeus_vii_count_of_savoy;hasspouse;no;820;5
philip_ii_duke_of_savoy;sibling;bona_of_savoy;5;8
constant_d_aubign_;hasspouse;no;733;23
elisabeth_of_nuremberg;parent;frederick_v_burgrave_of_nuremberg;5;8
pepin_the_short;parent;charles_martel;4;3
albert_azzo_ii_margrave_of_milan;father;albert_azzo_i_margrave_of_milan;4;7
francis_i_duke_of_lorraine;gender;male;388;2
fulk_king_of_jerusalem;hasspouse;yes;2;1
thierry_count_of_flanders;gender;male;285;1
saint_margaret_of_scotland;child;ethelred_of_scotland;347;1268
philip_iii_of_spain;child;infante_carlos_of_spain_1607_1632;4;55
odo_i_count_of_orl_ans;gender;male;365;2
saint_margaret_of_scotland;child;matilda_of_scotland;5;33
antoine_of_navarre;child;catherine_de_bourbon;6;26
adela_of_champagne;parent;matilda_of_carinthia;3;5
philip_iii_of_spain;parent;philip_ii_of_spain;3;4
emmanuel_philibert_duke_of_savoy;name;emmanuel_philibert;798;2411
barbara_jagiellon;gender;female;510;2
marie_countess_of_harcourt;gender;female;1051;4
francis_i_holy_roman_emperor;predecessor;maria_theresa;2;2
otto_i_count_palatine_of_mosbach;hasspouse;no;726;3
countess_sophia_albertine_of_erbach_erbach;name;sophia_albertine_countess_of_erbach_erbach;1266;2542
werner_ii_count_of_habsburg;name;werner_ii_count_of_habsburg;1;1
carloman_ii;hasspouse;no;1;2
charles_iii_of_spain;hasspouse;yes;2;1
edward_king_of_portugal;child;joan_of_portugal;2;11
eleanor_of_aquitaine;father;william_x_duke_of_aquitaine;3;5
mar_a_isabella_of_spain;gender;female;449;3
baldwin_v_count_of_flanders;child;robert_i_count_of_flanders;578;2343
hemma;father;welf_father_of_judith;3;4
william_ii_duke_of_bavaria;hasspouse;no;203;2
victor_amadeus_iii_of_sardinia;child;prince_giuseppe_count_of_asti;2;12
eadgifu_of_wessex;spouse;herbert_iii_of_omois;2;11
pope;name;rome;879;2360
willa_of_burgundy;parent;guilla_of_provence;2;2
ferdinand_iv_of_castile;parent;mar_a_de_molina;3;2
princess_magdalena_augusta_of_anhalt_zerbst;name;magdalena_augusta_of_anhalt_zerbst;985;2296
bertrada_of_laon;gender;female;464;3
maria_theresa_of_naples_and_sicily;child;archduke_franz_karl_of_austria;3;25
ferdinand_duke_of_viseu;sibling;eleanor_of_portugal_holy_roman_empress;6;7
agnes_of_france_duchess_of_burgundy;name;agnes_of_france;174;2583
william_iv_duke_of_aquitaine;name;william_iv_duke_of_aquitaine;1;1
margaret_countess_of_vertus;spouse;richard_count_of__tampes;5;3
princess_christine_louise_of_oettinge_oettingen;child;charlotte_christine_of_brunswic_wolfenb_ttel;1680;1907
clemence_of_austria;father;rudolf_i_of_germany;3;4
francis_hyacinth_duke_of_savoy;predecessor;victor_amadeus_i_duke_of_savoy;9;3
philip_count_of_longueville;hasspouse;no;3;2
joanna_of_castile;hasspouse;yes;4;1
joan_iii_countess_of_burgundy;mother;joan_ii_countess_of_burgundy;3;2
archduchess_maria_elisabeth_of_austria_born_1737;hasspouse;no;21;2
janus_of_cyprus;spouse;charlotte_of_bourbon_queen_of_cyprus;4;3
victor_amadeus_ii_of_sardinia;child;maria_vittoria_of_savoy;221;1308
frederick_william_duke_of_mecklenburg_schwerin;successor;adolphus_frederick_ii_duke_of_mecklenburg_strelitz;2;2
margaret_of_cleves_duchess_of_bavaria_munich;hasspouse;no;131;2
james_stewart_5th_high_steward_of_scotland;gender;male;508;2
matilda_of_bavaria_margravine_of_meissen;parent;louis_iv_holy_roman_emperor;2;2
charles_ix_of_france;spouse;elisabeth_of_austria_queen_of_france;4;8
mary_of_guise;mother;antoinette_of_bourbon;2;2
peter_ii_of_aragon;mother;sancha_of_castile_queen_of_aragon;3;8
marie_of_brabant_queen_of_france;gender;female;156;1
magnus_i_duke_of_brunswic_l_neburg;hasspouse;yes;87;2
eleonore_of_austria_queen_of_poland;gender;female;369;2
agnes_of_france_duchess_of_burgundy;parent;margaret_of_provence;3;2
anne_marie_d_orl_ans;child;marie_ad_la_de_of_savoy;2;7
berengaria_of_barcelona;gender;female;188;1
albert_i_of_germany;hasspouse;yes;1;1
william_the_younger_duke_of_brunswic_l_neburg;child;frederick_iv_duke_of_brunswic_l_neburg;190;249
philip_ii_of_spain;father;charles_v_holy_roman_emperor;5;2
elizabeth_mure;hasspouse;yes;2;1
berengar_ii_of_italy;child;rozala_of_italy;5;8
eleanor_of_aquitaine;predecessor;william_x_duke_of_aquitaine;3;3
claude_of_france;child;madeleine_of_valois;206;1472
princess_sophia_of_the_united_kingdom;hasspouse;no;33;2
philip_ii_duke_of_savoy;parent;louis_duke_of_savoy;3;7
louis_iv_holy_roman_emperor;mother;matilda_of_habsburg;3;4
antonio_farnese_duke_of_parma;hasspouse;no;951;9
john_ii_of_france;successor;philip_the_bold;2;2
theobald_ii_duke_of_lorraine;parent;frederick_iii_duke_of_lorraine;2;2
joanna_of_castile;child;catherine_of_austria_queen_of_portugal;2;3
rozala_of_italy;hasspouse;yes;1;1
charles_count_of_angoul_me;name;charles_of_orl_ans_count_of_angoul_me;879;2508
ernest_frederick_i_duke_of_saxe_hildburghausen;gender;male;1145;3
francis_ii_holy_roman_emperor;hasspouse;yes;1;1
francis_ii_duke_of_brittany;predecessor;arthur_iii_duke_of_brittany;2;8
margaret_of_austria_queen_of_spain;mother;maria_anna_of_bavaria_born_1551;3;4
louis_viii_of_france;name;louis_viii;412;2494
ren__ii_duke_of_lorraine;child;louis_count_of_vaud_mont;353;2154
francesco_iii_d_este_duke_of_modena;gender;male;317;1
baldwin_ii_of_jerusalem;hasspouse;no;816;4
robert_ii_count_of_dreux;child;robert_iii_count_of_dreux;3;3
empress_jos_phine;child;eug_ne_de_beauharnais;375;1798
sviatopolk_i_of_kiev;predecessor;vladimir_the_great;7;3
louis_v_duke_of_bavaria;hasspouse;no;371;2
sancho_i_of_portugal;predecessor;afonso_i_of_portugal;4;4
alice_of_namur;spouse;baldwin_iv_count_of_hainaut;2;2
beatrice_of_england;parent;henry_iii_of_england;3;5
margaret_ferch_dafydd;hasspouse;no;845;3
maximilian_ii_holy_roman_emperor;child;archduke_ernest_of_austria;2;11
louis_iv_of_france;successor;lothair_of_france;2;2
cosimo_de_medici;mother;piccarda_bueri;2;4
francis_i_of_france;mother;louise_of_savoy;2;4
hemma;hasspouse;yes;9;1
matilda_of_saxony_countess_of_flanders;spouse;baldwin_iii_count_of_flanders;5;4
louis_v_of_france;gender;male;304;2
bonne_of_luxembourg;spouse;john_ii_of_france;6;3
volodar_glebovich_prince_of_minsk;spouse;richeza_of_poland_queen_of_sweden;6;4
maredudd_ap_tudur;gender;male;577;2
sancho_iii_of_castile;name;sancho_iii;784;2575
maria_antonia_ferdinanda_of_spain;father;philip_v_of_spain;8;8
margaret_of_denmark_queen_of_scotland;spouse;james_iii_of_scotland;5;2
james_i_of_aragon;father;peter_ii_of_aragon;4;3
jasper_tudor;hasspouse;no;327;2
afonso_ii_of_portugal;child;fernando_lord_of_serpa;440;2495
conrad_i_count_of_auxerre;hasspouse;yes;287;2
joan_ii_of_navarre;child;louis_duke_of_durazzo;3;9
isabel_of_barcelos;spouse;john_constable_of_portugal;3;3
baldwin_v_count_of_hainaut;father;baldwin_iv_count_of_hainaut;10;11
william_iii_of_m_con;name;william_iii;1814;2596
bertha_of_burgundy;hasspouse;yes;1;1
napoleon_ii;hasspouse;no;86;4
john_i_duke_of_cleves;hasspouse;no;1291;3
louis_duke_of_savoy;child;marie_of_savoy_countess_of_saint_pol;2;6
francis_ii_holy_roman_emperor;child;maria_leopoldina_of_austria;5;18
charles_emmanuel_iii_of_sardinia;child;princess_eleonora_of_savoy;465;1050
charlotte_of_savoy;mother;anne_of_cyprus;3;4
margaret_of_anjou;parent;ren__of_anjou;2;2
louis_dauphin_of_france_son_of_louis_xiv;gender;male;323;2
catherine_of_vend_me;parent;joan_of_ponthieu_dame_of_epernon;3;5
emma_of_italy;spouse;lothair_of_france;6;4
philip_the_good;sibling;mary_of_burgundy_duchess_of_cleves;6;7
hugh_magnus;mother;constance_of_arles;3;5
adele_of_vermandois;hasspouse;yes;18;1
louis_vii_of_france;hasspouse;yes;2;1
louis_the_german;child;carloman_of_bavaria;2;2
odo_of_france;parent;robert_the_strong;3;2
princess_augusta_of_saxe_gotha;child;prince_william_henry_duke_of_gloucester_and_edinburgh;4;10
peter_i_of_portugal;child;maria_of_portugal_marchioness_of_tortosa;409;1772
louis_ix_of_france;child;john_tristan_count_of_valois;2;6
judith_of_habsburg;child;wenceslaus_iii_of_bohemia;1054;1917
maria_anna_of_bavaria_born_1551;child;maria_christina_princess_of_transylvania;14;544
anne_of_foix_candale;parent;catherine_of_foix_countess_of_candale;4;3
archduchess_maria_theresa_of_austria_este_1817_1886;parent;francis_iv_duke_of_modena;4;2
beatriz_of_portugal_duchess_of_viseu;parent;john_constable_of_portugal;3;7
yolande_duchess_of_lorraine;gender;female;493;3
odo_iii_duke_of_burgundy;spouse;theresa_of_portugal_countess_of_flanders;2;4
louis_duke_of_savoy;spouse;anne_of_cyprus;3;3
louise_of_savoy;child;margaret_of_valois_angoul_me;4;7
hortense_de_beauharnais;spouse;louis_bonaparte;7;5
john_of_gaunt;child;philippa_of_lancaster;514;1915
margaret_of_burgundy_queen_of_france;parent;agnes_of_france_duchess_of_burgundy;5;5
ramon_berenguer_iii_count_of_barcelona;father;ramon_berenguer_ii_count_of_barcelona;5;6
henry_i_count_of_champagne;spouse;marie_of_france_countess_of_champagne;2;4
afonso_iii_of_portugal;child;martim_afonso_chichorro;820;1809
john_iv_duke_of_brittany;father;john_of_montfort;2;2
eleanor_of_aragon_queen_of_portugal;child;eleanor_of_portugal_holy_roman_empress;2;5
prince_philippe_count_of_paris;child;prince_ferdinand_duke_of_montpensier;15;180
isabella_duchess_of_lorraine;father;charles_ii_duke_of_lorraine;2;2
francis_duke_of_guise;hasspouse;no;185;2
duchess_helene_of_mecklenburg_schwerin;parent;princess_caroline_louise_of_saxe_weimar_eisenach;2;3
maria_anna_of_savoy;hasspouse;no;420;2
henry_ii_of_england;name;henry_ii;660;74
henry_ii_of_navarre;successor;antoine_of_navarre;10;3
ernest_i_duke_of_brunswic_l_neburg;successor;william_the_younger_duke_of_brunswic_l_neburg;4;2
leopold_ii_holy_roman_emperor;child;archduke_rainer_joseph_of_austria;2;39
eug_nie_de_montijo;mother;mar_a_manuela_kirkpatrick_de_grevign_e;2;3
dangereuse_de_l_isle_bouchard;parent;bartholomew_de_l_isle_bouchard;2;3
philip_iv_of_france;predecessor;philip_iii_of_france;2;2
willa_of_tuscany;hasspouse;yes;2;1
aimery_i_viscount_of_ch_tellerault;gender;male;675;3
william_i_count_of_hainaut;spouse;joan_of_valois_countess_of_hainaut;7;5
engeltrude_de_f_zensac;father;leuthard_i_of_paris;2;4
peter_of_courtenay_lord_of_conches;parent;robert_of_courtenay_lord_of_champignelles;2;2
francis_duke_of_anjou;hasspouse;no;193;9
nicholas_d_oisy_lord_of_avesnes;father;walter_i_lord_of_avesnes;2;2
guy_count_of_flanders;gender;male;569;3
francis_i_holy_roman_emperor;child;ferdinand_karl_archduke_of_austria_este;2;3
henry_i_of_france;spouse;matilda_of_frisia;3;7
john_i_duke_of_brittany;spouse;blanche_of_navarre_duchess_of_brittany;4;9
remigius_of_rouen;hasspouse;no;1376;30
bona_of_savoy;parent;louis_duke_of_savoy;3;4
ren__of_anjou;child;louis_of_anjou_marquis_of_pont___mousson;138;300
odo_ii_duke_of_burgundy;gender;male;575;3
louis_the_german;successor;louis_the_younger;3;30
ferdinand_philippe_duke_of_orl_ans;successor;prince_philippe_count_of_paris;2;2
alfonso_ix_of_le_n;spouse;theresa_of_portugal_queen_of_le_n;2;5
marie_de_medici;spouse;henry_iv_of_france;6;4
judith_of_habsburg;sibling;albert_i_of_germany;8;6
judith_of_habsburg;mother;gertrude_of_hohenberg;3;2
agatha_wife_of_edward_the_exile;hasspouse;yes;4;1
ludmilla_of_bohemia;hasspouse;yes;9;1
elisabeth_of_nuremberg;parent;elisabeth_of_meissen;2;3
henry_vii_of_england;child;henry_viii;2;2
alfonso_viii_of_castile;child;eleanor_of_castile_died_1244;4;6
leopold_duke_of_lorraine;child;elisabeth_therese_of_lorraine;266;2088
elisabeth_christine_of_brunswic_wolfenb_ttel;parent;louis_rudolph_duke_of_brunswic_l_neburg;3;4
blanche_of_brittany;spouse;philip_of_artois;3;7
anna_maria_of_mecklenburg_schwerin;mother;anna_maria_of_ostfriesland;4;5
beatrice_regina_della_scala;parent;mastino_ii_della_scala;2;4
afonso_iii_of_portugal;spouse;beatrice_of_castile_1242_1303;5;18
adelaide_of_paris;child;charles_the_simple;8;5
henry_ii_of_france;parent;claude_of_france;5;8
princess_maria_carolina_of_bourbo_two_sicilies_1820_1861;hasspouse;no;292;3
valdemar_i_of_denmark;gender;male;419;2
isabella_i_of_castile;child;john_prince_of_asturias;2;3
borrell_ii_count_of_barcelona;hasspouse;no;220;3
elisabeth_of_austria_duchess_of_lorraine;spouse;frederick_iv_duke_of_lorraine;3;2
philippe_i_duke_of_orl_ans;spouse;elizabeth_charlotte_madame_palatine;3;6
afonso_iv_of_portugal;child;peter_i_of_portugal;6;5
john_constable_of_portugal;gender;male;21;1
_lffl_d_wife_of_edward_the_elder;child;eadhild;28;28
carloman_of_bavaria;predecessor;louis_the_german;5;2
judith_of_poland;hasspouse;no;90;2
prince_louis_count_of_aquila;hasspouse;no;472;2
germaine_of_foix;hasspouse;yes;135;2
philip_v_of_france;predecessor;john_i_of_france;4;10
joanna_of_austria_grand_duchess_of_tuscany;child;marie_de_medici;6;16
john_of_gaunt;child;elizabeth_of_lancaster_duchess_of_exeter;412;1172
alfonso_x_of_castile;child;beatrice_of_castile_1242_1303;603;2251
margaret_of_bourbon_1438_1483;hasspouse;yes;4;1
ferdinand_i_of_the_two_sicilies;child;carlo_duke_of_calabria;2;29
isabeau_of_bavaria;hasspouse;yes;1;1
theobald_iii_count_of_blois;name;theobald_iii_count_of_blois;1;1
margaret_of_brabant;child;john_of_bohemia;3;2
princess_christine_louise_of_oettinge_oettingen;gender;female;505;2
ecgberht_king_of_wessex;name;ecgberht;483;2558
edward_iii_of_england;parent;isabella_of_france;8;4
peter_i_of_courtenay;hasspouse;no;309;2
henry_ii_of_castile;predecessor;peter_of_castile;2;7
charles_d_orl_ans_duke_of_penthi_vre;hasspouse;no;1354;3
jeanne_de_bourbon_duchess_of_bourbon;mother;isabelle_de_beauvau;3;4
william_of_winchester_lord_of_lunenburg;parent;matilda_of_england_duchess_of_saxony;3;4
rudolf_i_of_germany;child;otto_iii_duke_of_bavaria;347;1982
james_i_of_scotland;child;mary_stewart_countess_of_buchan;371;1740
frederick_iii_holy_roman_emperor;father;ernest_duke_of_austria;2;2
louis_bonaparte;name;louis_i;396;50
walter_archbishop_of_sens;gender;male;752;2
marie_caroline_of_bourbo_two_sicilies_duchess_of_berry;spouse;charles_ferdinand_duke_of_berry;6;5
richilde_countess_of_hainaut;spouse;baldwin_vi_count_of_flanders;5;2
matilda_of_b_thune;parent;robert_vii_lord_of_b_thune;2;4
agnes_of_merania;child;philip_i_count_of_boulogne;9;6
francis_ii_duke_of_brittany;father;richard_count_of__tampes;2;2
arnulf_count_of_holland;name;arnulf;906;2566
john_of_bohemia;child;wenceslaus_i_duke_of_luxembourg;240;1212
philip_iv_of_spain;successor;john_iv_of_portugal;2;7
eleanor_of_aquitaine;child;richard_i_of_england;3;2
a_nor_de_ch_tellerault;mother;dangereuse_de_l_isle_bouchard;2;2
prince_christian_of_hesse_darmstadt;hasspouse;no;342;2
antoinette_of_bourbon;sibling;charles_duke_of_vend_me;9;7
james_iii_of_scotland;name;james_iii;160;2245
ermentrude_of_orl_ans;child;louis_the_stammerer;3;2
louis_antoine_duke_of_angoul_me;hasspouse;yes;39;1
louis_xviii;parent;maria_josepha_of_saxony_dauphine_of_france;6;9
francis_ii_of_france;father;henry_ii_of_france;2;5
louis_xiv;child;louis_auguste_duke_of_maine;186;2402
mahaut_of_ch_tillon;father;guy_iv_count_of_saint_pol;3;5
mary_of_burgundy_duchess_of_cleves;sibling;agnes_of_burgundy_duchess_of_bourbon;7;6
ferdinand_iv_of_castile;parent;sancho_iv_of_castile;2;2
maria_josepha_of_austria;child;maria_anna_sophia_of_saxony;315;1229
francis_ii_holy_roman_emperor;sibling;archduchess_maria_clementina_of_austria;6;7
louis_dauphin_of_france_son_of_louis_xv;child;charles_x;3;2
blanche_of_navarre_duchess_of_brittany;spouse;john_i_duke_of_brittany;9;4
henry_count_of_portugal;hasspouse;yes;9;1
william_ix_duke_of_aquitaine;spouse;ermengarde_of_anjou_d._1146;2;5
joan_i_of_navarre;parent;henry_i_of_navarre;2;4
john_iv_duke_of_brittany;spouse;joan_of_navarre_queen_of_england;3;5
bathilde_d_orl_ans;hasspouse;no;265;2
gilbert_duke_of_lorraine;hasspouse;yes;417;2
charlotte_of_mecklenburg_strelitz;child;princess_amelia_of_the_united_kingdom;2;4
igor_yaroslavich;hasspouse;no;265;2
adelaide_of_auxerre_born_c._870;gender;female;260;2
afonso_i_of_portugal;spouse;matilda_of_savoy_queen_of_portugal;4;7
cosimo_de_medici;successor;piero_di_cosimo_de_medici;2;3
henry_ii_of_england;child;geoffrey_archbishop_of_york;57;1126
philip_of_france_1116_1131;father;louis_vi_of_france;6;5
ramon_borrell_count_of_barcelona;gender;male;354;2
adelaide_countess_of_burgundy;hasspouse;yes;5;1
willa_of_tuscany;successor;gerberga_of_m_con;3;6
henry_the_lion;successor;otto_i_duke_of_bavaria;6;6
francesco_i_de_medici_grand_duke_of_tuscany;spouse;joanna_of_austria_grand_duchess_of_tuscany;8;5
louis_xii;gender;male;344;2
eleanor_of_aragon_queen_of_castile;hasspouse;yes;129;2
marie_of_france_duchess_of_brabant;hasspouse;yes;1549;3
mary_of_hungary_queen_of_naples;child;john_duke_of_durazzo;378;2046
joan_ii_countess_of_burgundy;parent;mahaut_countess_of_artois;2;4
john_stewart_of_darnley;successor;john_stewart_3rd_lord_of_aubigny;1102;2500
john_i_duke_of_brittany;father;peter_i_duke_of_brittany;3;3
berengaria_of_castile;hasspouse;yes;36;2
victor_amadeus_i_duke_of_savoy;child;princess_luisa_cristina_of_savoy;156;392
eleanor_of_aquitaine;spouse;henry_ii_of_england;5;4
iziaslav_i_of_kiev;hasspouse;no;97;2
charles_ii_of_naples;gender;male;409;3
ren__ii_duke_of_lorraine;father;frederick_ii_count_of_vaud_mont;4;5
rudolf_ii_holy_roman_emperor;predecessor;maximilian_ii_holy_roman_emperor;9;2
ingeborg_of_denmark_queen_of_france;gender;female;401;1
otto_iv_count_of_burgundy;predecessor;adelaide_countess_of_burgundy;3;2
adolphus_frederick_ii_duke_of_mecklenburg_strelitz;successor;adolphus_frederick_iii_duke_of_mecklenburg_strelitz;2;8
louis_i_of_brzeg;hasspouse;no;804;19
matilda_of_ringelheim;hasspouse;yes;11;1
victor_amadeus_iii_of_sardinia;parent;polyxena_of_hesse_rotenburg;2;4
constance_of_castile;hasspouse;yes;2;1
maria_theresa_of_austria_este_queen_of_sardinia;child;maria_teresa_of_savoy_1803_1879;275;824
louis_duke_of_savoy;hasspouse;yes;2;1
ferdinand_iv_of_castile;child;alfonso_xi_of_castile;3;3
mary_queen_of_scots;spouse;francis_ii_of_france;8;4
louis_iv_of_france;gender;male;228;1
hugh_iii_duke_of_burgundy;father;odo_ii_duke_of_burgundy;3;3
matilda_of_brandenburg_duchess_of_brunswic_l_neburg;spouse;otto_i_duke_of_brunswic_l_neburg;4;2
countess_sophia_albertine_of_erbach_erbach;gender;female;472;2
joan_of_valois_countess_of_hainaut;sibling;philip_vi_of_france;7;5
alfonso_x_of_castile;child;fernando_de_la_cerda_1255_1275;7;363
victor_amadeus_ii_of_sardinia;successor;charles_emmanuel_iii_of_sardinia;2;3
joanna_of_austria_grand_duchess_of_tuscany;name;joanna_of_austria;588;2478
louis_xiii;father;henry_iv_of_france;2;2
robert_i_count_of_flanders;hasspouse;yes;298;2
hildegarde_of_burgundy;hasspouse;yes;29;1
ernest_augustus_elector_of_hanover;father;george_duke_of_brunswic_calenberg;5;6
ferdinand_iii_grand_duke_of_tuscany;predecessor;leopold_ii_holy_roman_emperor;32;2
ecgberht_king_of_wessex;successor;_thelwulf_king_of_wessex;4;4
louis_iv_holy_roman_emperor;child;stephen_ii_duke_of_bavaria;4;6
albert_i_duke_of_bavaria;hasspouse;yes;32;1
robert_ii_of_scotland;hasspouse;yes;3;1
gaston_de_foix_count_of_candale;hasspouse;yes;1;1
james_ii_of_scotland;parent;james_i_of_scotland;2;3
alexander_stewart_4th_high_steward_of_scotland;name;alexander_stewart;332;2544
gisela_of_burgundy_marchioness_of_montferrat;name;gisela_of_burgundy;1694;2482
elizabeth_of_bohemia_1292_1330;father;wenceslaus_ii_of_bohemia;2;4
philip_v_of_spain;parent;louis_dauphin_of_france_son_of_louis_xiv;8;10
margaret_of_valois;mother;catherine_de_medici;3;6
agnes_of_loon;spouse;otto_i_duke_of_bavaria;4;2
vladislaus_ii_of_hungary;gender;male;195;1
fernando_lord_of_serpa;hasspouse;no;1175;2
francis_hyacinth_duke_of_savoy;hasspouse;no;1179;12
pepin_the_short;successor;charlemagne;5;5
joan_beaufort_queen_of_scots;parent;margaret_holland_duchess_of_clarence;3;3
marie_antoinette;child;louis_xvii;4;2
adam_fitzroy;hasspouse;no;52;2
charles_iii_duke_of_savoy;spouse;beatrice_of_portugal_duchess_of_savoy;3;5
albert_azzo_ii_margrave_of_milan;parent;albert_azzo_i_margrave_of_milan;4;6
ermentrude_de_roucy;spouse;otto_william_count_of_burgundy;5;3
frederick_prince_of_wales;child;george_iii;3;3
philip_the_bold;parent;john_ii_of_france;2;2
prince_leopold_count_of_syracuse;hasspouse;no;1366;3
joseph_ii_holy_roman_emperor;predecessor;maria_theresa;8;2
carloman_ii;gender;male;541;2
joan_fitzalan_countess_of_hereford;sibling;alice_holland_countess_of_kent;6;4
leopold_ii_holy_roman_emperor;child;archduchess_maria_clementina_of_austria;4;21
john_i_duke_of_lorraine;gender;male;214;1
borrell_ii_count_of_barcelona;father;sunyer_count_of_barcelona;3;2
charlemagne;parent;pepin_the_short;5;4
afonso_iii_of_portugal;child;sancha_of_portugal_born_1264;316;1466
olga_of_kiev;spouse;igor_of_kiev;2;2
otto_iv_count_of_burgundy;parent;adelaide_countess_of_burgundy;3;2
cosimo_i_de_medici_grand_duke_of_tuscany;parent;giovanni_delle_bande_nere;4;4
louis_dauphin_of_france_son_of_louis_xv;child;louis_xvi;2;2
bonne_of_luxembourg;child;philip_the_bold;5;4
rudolph_of_france;predecessor;robert_i_of_france;7;5
elisabeth_of_cleves;spouse;stephen_iii_duke_of_bavaria;2;2
louis_i_duke_of_orl_ans;child;jean_de_dunois;91;2520
louise_henriette_de_bourbon;spouse;louis_philippe_i_duke_of_orl_ans;5;2
henry_i_of_england;spouse;matilda_of_scotland;3;2
victor_amadeus_ii_of_sardinia;child;victor_amadeus_prince_of_piedmont;7;11
theodoric_ii_duke_of_lorraine;child;simon_i_duke_of_lorraine;2;5
adelaide_of_auxerre_born_c._870;father;conrad_ii_duke_of_transjurane_burgundy;3;8
alys_of_france_countess_of_vexin;gender;female;356;1
leopold_duke_of_lorraine;name;leopold;793;2399
louis_the_younger;predecessor;louis_the_german;23;3
henry_ii_of_navarre;gender;male;436;3
berthold_ii_count_of_andechs;name;berthold_ii;1015;2583
richard_duke_of_burgundy;name;richard;130;2585
hedwig_of_saxony;child;henry_i_duke_of_burgundy;286;600
matilda_of_frisia;hasspouse;yes;29;1
eleanor_of_portugal_holy_roman_empress;sibling;ferdinand_duke_of_viseu;7;6
william_i_count_of_burgundy;hasspouse;no;150;4
louis_xiii;sibling;elisabeth_of_france_1602_1644;2;2
catherine_of_valois;mother;isabeau_of_bavaria;6;21
rudolph_of_france;mother;adelaide_of_auxerre_born_c._870;3;3
richard_of_cornwall;hasspouse;no;453;3
bonne_of_luxembourg;child;john_duke_of_berry;6;11
edward_king_of_portugal;child;eleanor_of_portugal_holy_roman_empress;2;3
marie_eleonore_of_cleves;child;magdalene_sibylle_of_prussia;4;2
eleanor_of_alburquerque;father;sancho_alfonso;3;4
ermentrude_of_orl_ans;child;charles_the_child;133;1070
wilhelmine_amalie_of_brunswick;parent;benedicta_henrietta_of_the_palatinate;3;3
charles_v_duke_of_lorraine;spouse;eleonore_of_austria_queen_of_poland;5;25
robert_iii_count_of_dreux;gender;male;548;2
marie_ad_la_de_of_savoy;father;victor_amadeus_ii_of_sardinia;2;3
william_v_duke_of_aquitaine;parent;emma_of_blois;5;4
charles_count_of_valois;father;philip_iii_of_france;7;7
joanna_of_austria_grand_duchess_of_tuscany;child;eleanor_de_medici;6;29
cosimo_i_de_medici_grand_duke_of_tuscany;child;lucrezia_de_medici_duchess_of_ferrara;261;2036
jacquetta_of_luxembourg;child;catherine_woodville_duchess_of_buckingham;191;732
maria_josepha_of_austria;mother;wilhelmine_amalie_of_brunswick;5;6
john_ii_of_portugal;spouse;eleanor_of_viseu;3;3
princess_magdalena_augusta_of_anhalt_zerbst;child;princess_augusta_of_saxe_gotha;5;11
philip_iii_of_france;sibling;agnes_of_france_duchess_of_burgundy;6;4
louise_marie_ad_la_de_de_bourbon_duchess_of_orl_ans;parent;maria_teresa_felicitas_d_este;2;4
alexander_stewart_earl_of_buchan;hasspouse;no;790;10
louis_rudolph_duke_of_brunswic_l_neburg;hasspouse;yes;150;2
walter_stewart_6th_high_steward_of_scotland;name;walter_stewart;177;2548
christian_iii_count_palatine_of_zweibr_cken;gender;male;481;3
rudolph_duke_of_lorraine;mother;elisabeth_of_austria_duchess_of_lorraine;2;5
jacquetta_of_luxembourg;hasspouse;yes;4;1
louis_ii_duke_of_bavaria;mother;agnes_of_the_palatinate;2;3
otto_ii_duke_of_bavaria;hasspouse;yes;2;1
henry_iii_of_england;parent;isabella_of_angoul_me;3;5
john_the_fearless;child;agnes_of_burgundy_duchess_of_bourbon;4;3
louis_viii_of_france;child;alphonse_count_of_poitiers;83;2429
philippe_ii_duke_of_orl_ans;successor;louis_duke_of_orl_ans_1703_1752;2;5
giovanni_il_popolano;father;pierfrancesco_the_elder;3;4
leopold_ii_holy_roman_emperor;parent;maria_theresa;3;5
anne_of_foix_candale;child;louis_ii_of_hungary;114;278
berengaria_of_castile;gender;female;530;3
prince_philippe_count_of_paris;child;am_lie_of_orl_ans;5;12
dirk_iii_count_of_holland;child;floris_i_count_of_holland;4;3
arnulf_count_of_holland;spouse;lutgardis_of_luxemburg;2;4
princess_augusta_of_saxe_gotha;parent;princess_magdalena_augusta_of_anhalt_zerbst;4;3
frederick_iii_duke_of_lorraine;child;theobald_ii_duke_of_lorraine;2;2
afonso_v_of_portugal;parent;eleanor_of_aragon_queen_of_portugal;3;2
ferdinand_i_of_the_two_sicilies;gender;male;103;1
henry_ii_count_of_louvain;father;lambert_ii_count_of_louvain;3;2
maria_amalia_of_naples_and_sicily;gender;female;310;2
claude_fran_oise_de_lorraine;spouse;nicholas_francis_duke_of_lorraine;5;3
henry_ii_of_castile;spouse;juana_manuel;2;5
charles_iii_duke_of_lorraine;successor;henry_ii_duke_of_lorraine;2;6
louis_antoine_duke_of_angoul_me;predecessor;charles_x;3;2
alfonso_ii_of_aragon;predecessor;petronilla_of_aragon;2;2
elizabeth_of_austria_1436_1505;child;sigismund_i_the_old;231;1889
philip_iv_of_spain;sibling;anne_of_austria;8;5
bona_of_savoy;child;bianca_maria_sforza;790;1628
joan_ii_of_navarre;child;blanche_of_navarre_queen_of_france;4;5
sibylla_of_burgundy_duchess_of_burgundy;hasspouse;yes;819;4
matilda_of_savoy_queen_of_portugal;spouse;afonso_i_of_portugal;7;4
maria_luisa_of_spain;child;archduchess_maria_amalia_of_austria_1780_1798;3;6
victor_amadeus_iii_of_sardinia;name;victor_amadeus_iii;897;2568
henry_vi_count_of_luxembourg;father;henry_v_count_of_luxembourg;2;2
anne_of_brittany;successor;claude_of_france;4;2
maria_amalia_of_saxony;child;infante_philip_duke_of_calabria;319;1738
otto_v_duke_of_brunswic_l_neburg;name;otto_v;1239;2585
eleanor_of_alburquerque;child;john_ii_of_aragon;4;4
philip_i_of_castile;successor;charles_v_holy_roman_emperor;2;2
werner_i_count_of_klettgau;hasspouse;no;361;5
john_ii_duke_of_bourbon;spouse;jeanne_de_bourbon_duchess_of_bourbon;6;2
fulk_ii_count_of_anjou;gender;male;565;2
john_iv_duke_of_brittany;successor;john_v_duke_of_brittany;2;10
charles_ferdinand_duke_of_berry;hasspouse;yes;9;1
leopold_duke_of_lorraine;father;charles_v_duke_of_lorraine;4;5
princess_augusta_of_saxe_gotha;name;augusta_of_saxe_gotha;1871;2600
baldwin_ii_count_of_hainaut;parent;richilde_countess_of_hainaut;2;3
rupert_king_of_the_romans;gender;male;370;2
antoine_duke_of_lorraine;father;ren__ii_duke_of_lorraine;2;3
elisabeth_of_carinthia_queen_of_the_romans;spouse;albert_i_of_germany;4;2
margaret_of_brabant;spouse;henry_vii_holy_roman_emperor;6;4
robert_the_strong;parent;robert_iii_of_worms;3;5
mary_of_guise;parent;claude_duke_of_guise;2;3
louis_viii_of_france;hasspouse;yes;1;1
yolanda_latin_empress;mother;margaret_i_countess_of_flanders;5;6
margaret_of_burgundy_queen_of_france;gender;female;334;1
hedwig_of_bavaria;name;hedwig;180;2564
peter_i_duke_of_brittany;parent;robert_ii_count_of_dreux;2;4
wenceslaus_ii_of_bohemia;spouse;judith_of_habsburg;2;2
piero_the_unfortunate;mother;clarice_orsini;3;4
francis_iv_duke_of_modena;predecessor;ercole_iii_d_este_duke_of_modena;3;6
louis_vii_of_france;child;alix_of_france;13;188
gerberga_of_lower_lorraine;hasspouse;yes;2;1
dorothea_of_brunswic_l_neburg;hasspouse;no;1263;3
frederick_prince_of_wales;spouse;princess_augusta_of_saxe_gotha;2;2
arnulf_ii_count_of_flanders;mother;matilda_of_saxony_countess_of_flanders;3;5
isabella_i_of_castile;child;joanna_of_castile;3;2
ferdinand_karl_archduke_of_austria_este;sibling;leopold_ii_holy_roman_emperor;6;7
hildegard_of_the_vinzgau;father;gerold_of_vinzgau;2;4
alix_of_brittany_dame_de_pontarcy;hasspouse;no;120;2
odo_iv_duke_of_burgundy;hasspouse;yes;40;1
conrad_i_of_burgundy;gender;male;382;3
maria_anna_of_bavaria_born_1551;hasspouse;yes;18;1
sviatoslav_i;child;vladimir_the_great;2;4
alfonso_vii_of_le_n_and_castile;mother;urraca_of_le_n;2;2
theobald_i_of_navarre;spouse;margaret_of_bourbon_queen_of_navarre;3;6
john_stewart_earl_of_mar_died_1503;hasspouse;no;664;3
enno_iii_count_of_east_frisia;hasspouse;yes;11;1
maria_anna_of_bavaria_born_1551;child;archduke_maximilian_ernest_of_austria;5;751
marie_of_blois_duchess_of_anjou;hasspouse;yes;10;1
theobald_ii_of_navarre;hasspouse;no;430;4
valdemar_i_of_denmark;child;canute_vi_of_denmark;2;2
yolande_of_brittany;hasspouse;no;615;3
margaret_of_valois;spouse;henry_iv_of_france;7;8
joanna_of_bourbon;child;catherine_of_france_countess_of_montpensier;4;18
countess_palatine_dorothea_sophie_of_neuburg;gender;female;161;1
maria_josepha_of_saxony_dauphine_of_france;child;marie_z_phyrine_of_france;62;1404
theobald_i_of_navarre;gender;male;317;2
francis_ii_of_france;parent;catherine_de_medici;2;6
anne_of_bohemia_and_hungary;child;joanna_of_austria_grand_duchess_of_tuscany;2;3
margaret_of_valois_duchess_of_berry;hasspouse;yes;32;1
elisabeth_of_nuremberg;child;louis_iii_elector_palatine;937;2213
haziga_of_diessen;hasspouse;yes;394;2
ernest_augustus_elector_of_hanover;gender;male;240;1
hugh_iv_duke_of_burgundy;child;john_of_burgundy_1231_68;30;2473
ferdinand_duke_of_viseu;father;edward_king_of_portugal;3;2
anne_stuart_born_1637;hasspouse;no;1365;6
maximilian_sforza;predecessor;louis_xii;9;2
clementia_of_burgundy;spouse;godfrey_i_count_of_louvain;4;2
henry_iv_of_france;child;nicolas_henri_duke_of_orl_ans;5;5
anna_maria_of_ostfriesland;father;enno_iii_count_of_east_frisia;3;3
henry_ii_of_france;child;claude_of_france_1547_1575;5;12
theresa_countess_of_portugal;marriedto;henry_count_of_portugal;3;3
marie__milie_de_joly_de_choin;hasspouse;yes;164;2
george_ii_of_great_britain;successor;george_iii;6;6
raymond_of_burgundy;hasspouse;yes;10;1
archduke_maximilian_francis_of_austria;hasspouse;no;3;2
madeleine_de_la_tour_d_auvergne;hasspouse;yes;13;1
theresa_countess_of_portugal;successor;afonso_i_of_portugal;2;2
fran_oise_marie_de_bourbon;child;louis_duke_of_orl_ans_1703_1752;4;5
thomas_francis_prince_of_carignano;hasspouse;no;153;2
bona_of_savoy;sibling;charlotte_of_savoy;5;2
richard_i_of_england;successor;john_king_of_england;6;2
arthur_ii_duke_of_brittany;father;john_ii_duke_of_brittany;3;3
theodoric_ii_duke_of_lorraine;parent;gerard_duke_of_lorraine;2;2
maximilian_ii_holy_roman_emperor;name;maximilian_ii;1118;2430
albert_v_duke_of_bavaria;hasspouse;yes;65;1
dorothea_of_denmark_duchess_of_brunswic_l_neburg;hasspouse;yes;2;1
louis_ix_of_france;child;isabella_of_france_queen_of_navarre;258;1958
barbara_jagiellon;hasspouse;yes;69;2
countess_palatine_caroline_of_zweibr_cken;name;caroline;942;2585
philip_iii_of_spain;name;philip_iii_&_ii;1335;2583
maria_of_austria_holy_roman_empress;child;rudolf_ii_holy_roman_emperor;7;15
floris_i_count_of_holland;child;dirk_v_count_of_holland;2;4
charles_of_valois_duke_of_berry;hasspouse;no;38;2
john_the_fearless;spouse;margaret_of_bavaria;2;3
antoine_duke_of_lorraine;predecessor;ren__ii_duke_of_lorraine;2;2
marie_louise_duchess_of_parma;name;marie_louise;287;2462
odo_iv_duke_of_burgundy;sibling;joan_the_lame;6;5
philip_william_elector_palatine;gender;male;347;2
louis_ix_of_france;mother;blanche_of_castile;3;7
ferdinand_i_of_the_two_sicilies;child;maria_cristina_of_naples_and_sicily;19;719
dirk_i_count_of_holland;gender;male;730;4
louise__lisabeth_of_france;child;ferdinand_duke_of_parma;520;1663
anne_gonzaga;child;anne_henriette_of_bavaria;832;1402
otto_v_duke_of_brunswic_l_neburg;father;frederick_ii_duke_of_brunswic_l_neburg;3;5
peter_i_duke_of_brittany;name;peter_i;163;22
joan_i_countess_of_auvergne;spouse;john_ii_of_france;9;4
francis_ii_duke_of_lorraine;child;marguerite_of_lorraine;489;1550
hugh_iv_duke_of_burgundy;parent;odo_iii_duke_of_burgundy;3;3
anne_gonzaga;parent;charles_i_gonzaga_duke_of_mantua;2;4
louis_bonaparte;mother;letizia_bonaparte;2;3
berthold_i_of_istria;father;berthold_ii_count_of_andechs;894;1111
robert_ii_of_scotland;child;thomas_stewart_bishop_of_st_andrews;1321;715
sancho_alfonso;gender;male;304;1
henry_v_of_england;gender;male;56;1
william_i_of_provence;hasspouse;no;895;66
arnulf_i_count_of_flanders;hasspouse;yes;66;2
isabella_duchess_of_lorraine;gender;female;267;2
louis_the_stammerer;gender;male;242;1
anna_of_holstei_gottorp;mother;christine_of_hesse;4;4
thankmar;hasspouse;no;459;2
joan_of_portugal;hasspouse;no;316;2
charles_prince_of_anhalt_zerbst;gender;male;354;2
agnes_of_the_palatinate;spouse;otto_ii_duke_of_bavaria;4;2
manuel_i_of_portugal;predecessor;john_ii_of_portugal;4;3
philip_i_of_france;successor;louis_vi_of_france;6;6
peter_i_duke_of_brittany;hasspouse;yes;2;1
otto_i_duke_of_saxony;successor;henry_the_fowler;22;4
henry_ix_duke_of_bavaria;parent;judith_of_flanders_died_1095;3;2
charles_ii_of_spain;hasspouse;no;181;3
beatrice_of_hungary_dauphine_of_viennois;hasspouse;no;967;3
boris_and_gleb;hasspouse;no;444;3
mar_a_isabella_of_spain;mother;maria_luisa_of_parma;5;5
charles_iii_duke_of_lorraine;gender;male;329;1
alfonso_ii_count_of_provence;name;alfonso_ii;76;2506
joanna_of_bourbon;child;charles_vi_of_france;2;3
henry_iv_of_england;parent;john_of_gaunt;2;2
gisela_of_burgundy_marchioness_of_montferrat;father;william_i_count_of_burgundy;4;7
malusha;spouse;sviatoslav_i;6;3
cecily_of_york;hasspouse;no;711;3
louis_duke_of_orl_ans_1703_1752;hasspouse;yes;1;1
charles_vi_of_france;child;john_duke_of_touraine;166;479
joan_ii_countess_of_burgundy;parent;otto_iv_count_of_burgundy;2;4
gerberga_of_saxony;parent;henry_the_fowler;3;6
charles_emmanuel_iii_of_sardinia;spouse;polyxena_of_hesse_rotenburg;3;6
afonso_ii_of_portugal;gender;male;59;1
ogive_of_luxembourg;gender;female;605;2
giovanni_di_bicci_de_medici;name;giovanni_de__medici;648;2509
afonso_iii_of_portugal;name;afonso_iii;712;2599
pepin_of_herstal;child;grimoald_the_younger;2;2
ladislaus_the_posthumous;successor;frederick_iii_holy_roman_emperor;6;2
alfonso_viii_of_castile;child;berengaria_of_castile;11;34
alfonso_ii_of_aragon;child;constance_of_aragon;166;784
guy_count_of_flanders;spouse;matilda_of_b_thune;3;3
ferdinand_i_of_aragon;parent;eleanor_of_aragon_queen_of_castile;3;7
carloman_mayor_of_the_palace;successor;pepin_the_short;11;7
eleanor_of_aragon_queen_of_portugal;hasspouse;yes;1;1
louis_marie_duke_of_rambouillet;hasspouse;no;161;2
herbert_iii_of_omois;hasspouse;yes;317;2
philip_the_bold;hasspouse;yes;9;1
marie_de_medici;child;gaston_duke_of_orl_ans;11;16
margaret_tudor;spouse;james_iv_of_scotland;5;3
conrad_i_of_burgundy;father;rudolph_ii_of_burgundy;2;2
ferdinand_iii_of_castile;child;ferdinand_of_castile_born_1238;338;1765
maria_amalia_of_naples_and_sicily;child;charles_d_orl_ans_duke_of_penthi_vre;682;2573
louis_antoine_duke_of_angoul_me;gender;male;492;3
theobald_iii_count_of_blois;spouse;gersende_of_maine;2;4
fran_oise_d_aubign__marquise_de_maintenon;spouse;louis_xiv;7;3
hemma;name;emma_of_altdorf;752;2548
wulfhilde_of_saxony;hasspouse;yes;79;2
madeleine_of_valois;spouse;james_v_of_scotland;3;2
charles_iv_holy_roman_emperor;predecessor;john_of_bohemia;8;2
princess_christine_louise_of_oettinge_oettingen;name;princess_christine_louise;1497;2412
george_iii;parent;princess_augusta_of_saxe_gotha;3;3
theobald_iii_count_of_champagne;father;henry_i_count_of_champagne;10;8
afonso_v_of_portugal;successor;john_ii_of_portugal;2;4
odo_ii_count_of_blois;name;odo_ii;1644;1414
ramon_berenguer_iv_count_of_barcelona;parent;douce_i_countess_of_provence;3;4
margaret_of_bavaria;mother;margaret_of_brieg;2;3
john_of_montfort;hasspouse;yes;13;1
peter_ii_of_aragon;parent;sancha_of_castile_queen_of_aragon;3;8
joanna_of_austria_grand_duchess_of_tuscany;child;philip_de_medici;5;59
joseph_ii_holy_roman_emperor;successor;leopold_ii_holy_roman_emperor;19;2
lothair_ii_of_italy;name;lothair_ii;396;2521
sophia_eleonore_of_saxony;child;anna_sophia_ii_abbess_of_quedlinburg;210;1447
louis_i_duke_of_bourbon;child;peter_i_duke_of_bourbon;2;2
benedicta_henrietta_of_the_palatinate;child;duchess_charlotte_felicitas_of_brunswic_l_neburg;930;1737
archduchess_anna_of_austria;gender;female;283;1
john_of_burgundy_1231_68;hasspouse;no;1336;3
maria_amalia_of_naples_and_sicily;father;ferdinand_i_of_the_two_sicilies;8;8
margaret_of_brunswic_l_neburg;hasspouse;no;693;3
judith_of_bavaria_died_843;sibling;hemma;2;2
bona_of_savoy;child;anna_sforza;379;2428
margaret_of_baux;hasspouse;no;128;3
william_the_younger_duke_of_brunswic_l_neburg;gender;male;573;6
christine_of_saxony;gender;female;415;2
james_i_of_scotland;spouse;joan_beaufort_queen_of_scots;5;6
robert_count_of_clermont;spouse;beatrice_of_burgundy_lady_of_bourbon;4;42
philip_iii_of_navarre;spouse;joan_ii_of_navarre;2;3
sviatopolk_i_of_kiev;hasspouse;no;933;6
anna_of_holstei_gottorp;parent;adolf_duke_of_holstei_gottorp;3;4
eleanor_of_lancaster;hasspouse;yes;33;1
john_iii_duke_of_brittany;successor;john_of_montfort;5;2
louis_dauphin_of_france_son_of_louis_xiv;father;louis_xiv;6;5
blanche_of_castile;mother;eleanor_of_england_queen_of_castile;4;3
dirk_i_count_of_holland;hasspouse;no;510;6
rudolph_i_of_burgundy;gender;male;397;2
otto_v_margrave_of_brandenburg_salzwedel;hasspouse;no;708;5
violant_of_bar;gender;female;256;1
maria_of_portugal_queen_of_castile;hasspouse;yes;546;3
charles_duke_of_vend_me;name;charles;366;15
hucbert;hasspouse;no;1352;3
francis_ii_duke_of_lorraine;hasspouse;yes;10;1
catherine_of_foix_countess_of_candale;spouse;gaston_de_foix_count_of_candale;3;6
lorenzo_de_medici;father;piero_di_cosimo_de_medici;4;5
charles_vi_of_france;spouse;isabeau_of_bavaria;4;15
emmanuel_philibert_duke_of_savoy;hasspouse;yes;2;1
francis_i_of_france;sibling;margaret_of_valois_angoul_me;6;5
infanta_luisa_fernanda_duchess_of_montpensier;child;princess_marie_isabelle_of_orl_ans;5;4
charlotte_of_savoy;hasspouse;yes;3;1
maria_beatrice_d_este_duchess_of_massa;child;maria_theresa_of_austria_este_queen_of_sardinia;2;3
napoleon_ii;predecessor;napoleon;2;2
hedwig_jagiellon_duchess_of_bavaria;hasspouse;no;302;2
princess_maria_christina_of_saxony_1735_1782;hasspouse;no;356;2
louis_iii_of_anjou;hasspouse;no;150;3
napoleon_ii;mother;marie_louise_duchess_of_parma;2;3
adela_of_milan;hasspouse;yes;65;2
infanta_maria_josefa_of_spain;hasspouse;no;200;2
mary_of_burgundy_duchess_of_cleves;child;john_i_duke_of_cleves;379;2324
margaret_of_the_palatinate;mother;elisabeth_of_nuremberg;2;2
henry_vii_of_england;parent;lady_margaret_beaufort;3;4
maria_of_aragon_queen_of_portugal;child;henry_king_of_portugal;87;582
louis_duke_of_orl_ans_1703_1752;successor;louis_philippe_i_duke_of_orl_ans;2;2
john_ii_of_aragon;parent;ferdinand_i_of_aragon;4;5
afonso_i_duke_of_braganza;hasspouse;yes;156;2
ad_la_de_d_orl_ans;hasspouse;no;116;2
margaret_of_burgundy_queen_of_france;child;joan_ii_of_navarre;22;14
nicholas_francis_duke_of_lorraine;name;nicholas_francis;1058;2283
beatrice_of_castile_1242_1303;spouse;afonso_iii_of_portugal;12;5
edward_the_elder;child;eadgyth;3;12
odo_i_duke_of_burgundy;hasspouse;yes;129;3
frederick_ii_duke_of_lorraine;father;frederick_i_duke_of_lorraine;2;2
_thelwulf_king_of_wessex;spouse;judith_of_flanders;4;4
ladislaus_of_naples;hasspouse;no;510;4
pepin_of_herstal;parent;begga;2;7
matilda_of_france;child;bertha_of_burgundy;4;6
anne_of_brittany;spouse;maximilian_i_holy_roman_emperor;8;8
maria_beatrice_d_este_duchess_of_massa;father;ercole_iii_d_este_duke_of_modena;4;7
hemma;gender;female;499;3
rurik;gender;male;669;3
ermengarde_of_anjou_duchess_of_burgundy;name;ermengarde_of_anjou;146;2480
philip_ii_of_spain;name;philip_ii_&_i;558;2009
charles_ii_archduke_of_austria;spouse;maria_anna_of_bavaria_born_1551;10;16
margaret_stewart_dauphine_of_france;gender;female;506;3
marie_louise_duchess_of_parma;spouse;charles_ren__de_bombelles;2;5
dirk_ii_count_of_holland;successor;arnulf_count_of_holland;3;2
yaroslav_the_wise;child;anne_of_kiev;4;5
marie_of_brittany_countess_of_saint_pol;mother;beatrice_of_england;3;5
philip_ii_of_france;spouse;ingeborg_of_denmark_queen_of_france;4;8
antoine_duke_of_lorraine;gender;male;64;1
louis_duke_of_savoy;mother;mary_of_burgundy_duchess_of_savoy;2;9
louis_philippe_i;successor;ferdinand_philippe_duke_of_orl_ans;2;2
charles_vii_of_france;father;charles_vi_of_france;3;2
odoardo_farnese_hereditary_prince_of_parma;spouse;countess_palatine_dorothea_sophie_of_neuburg;5;3
isabella_of_portugal_duchess_of_burgundy;gender;female;274;2
archduchess_maria_clementina_of_austria;sibling;francis_ii_holy_roman_emperor;7;6
francis_i_holy_roman_emperor;successor;joseph_ii_holy_roman_emperor;2;17
clementia_of_hungary;child;john_i_of_france;7;2
william_i_count_of_hainaut;gender;male;61;1
louis_count_of__vreux;sibling;philip_iv_of_france;9;6
sibylla_of_anjou;sibling;geoffrey_plantagenet_count_of_anjou;7;6
louis_xi;spouse;charlotte_of_savoy;14;10
helie_of_burgundy;hasspouse;no;251;2
jeanne_d_albret;predecessor;henry_ii_of_navarre;2;2
louis_xiv;child;philippe_charles_duke_of_anjou;531;1771
anund_jacob;hasspouse;no;410;2
garzia_de_medici;hasspouse;no;1247;3
landgravine_elisabeth_amalie_of_hesse_darmstadt;spouse;philip_william_elector_palatine;2;3
archduke_joseph_franz_of_austria;hasspouse;no;1354;3
beatrice_of_silesia;child;matilda_of_bavaria_margravine_of_meissen;2;2
elisabeth_farnese;child;maria_teresa_rafaela_of_spain;50;1787
maria_teresa_felicitas_d_este;hasspouse;yes;2;1
charles_vi_of_france;child;marie_of_valois_prioress_of_poissy;17;2203
clementia_of_hungary;gender;female;214;1
matthew_i_of_montmorency;hasspouse;yes;462;2
sunyer_count_of_barcelona;father;wilfred_the_hairy;4;2
frederick_iii_holy_roman_emperor;parent;cymburgis_of_masovia;3;6
charles_count_of_valois;sibling;philip_iv_of_france;6;4
anne_of_bohemia_and_hungary;child;archduchess_anna_of_austria;2;3
caterina_sforza;hasspouse;yes;156;2
frederick_ii_duke_of_lorraine;parent;wierzchoslawa_ludmilla_of_greater_poland;3;4
frederick_iii_duke_of_lorraine;father;matthias_ii_duke_of_lorraine;4;4
odo_iv_duke_of_burgundy;parent;agnes_of_france_duchess_of_burgundy;5;4
vladimir_the_great;gender;male;418;4
henry_v_of_england;mother;mary_de_bohun;3;5
louise_de_maisonblanche;hasspouse;no;771;3
charles_ix_of_france;gender;male;197;2
count_of_boulogne;hasspouse;no;707;3
isabel_of_barcelos;mother;beatriz_pereira_de_alvim;5;6
rudolf_i_of_germany;child;hedwig_of_habsburg;4;7
isabella_de_beauchamp;father;william_de_beauchamp_9th_earl_of_warwick;2;2
rudolf_ii_count_of_habsburg;hasspouse;no;376;5
catherine_de_medici;child;louis_of_valois;9;5
igor_of_kiev;hasspouse;yes;26;1
rupert_king_of_the_romans;spouse;elisabeth_of_nuremberg;4;2
dorotea_gonzaga;hasspouse;yes;329;2
charles_d_vreux;hasspouse;no;382;2
charles_ii_duke_of_savoy;successor;philip_ii_duke_of_savoy;2143;1244
anna_of_nassau_dillenburg;gender;female;639;2
maria_theresa_of_spain;child;philippe_charles_duke_of_anjou;581;1702
louis_duke_of_savoy;predecessor;amadeus_viii_duke_of_savoy;2;4
burkhard_v_count_of_hohenberg;gender;male;570;2
henry_iv_of_france;child;catherine_henriette_de_bourbon;133;2475
theobald_ii_duke_of_lorraine;child;frederick_iv_duke_of_lorraine;4;7
adelaide_of_burgundy_duchess_of_brabant;sibling;robert_ii_duke_of_burgundy;8;5
henry_ii_of_england;mother;empress_matilda;3;5
charles_iii_duke_of_savoy;parent;claudine_de_brosse;4;7
philip_i_count_of_flanders;hasspouse;no;65;2
mariana_victoria_of_spain;hasspouse;no;522;4
vladimir_the_great;parent;sviatoslav_i;3;5
philip_iii_of_france;spouse;marie_of_brabant_queen_of_france;2;8
charles_emmanuel_i_duke_of_savoy;hasspouse;yes;11;1
yaropolk_i_of_kiev;hasspouse;no;554;9
sancho_iv_of_castile;mother;violant_of_aragon;7;15
maria_josepha_of_saxony_dauphine_of_france;name;maria_josepha_of_saxony;856;2586
fulk_iv_count_of_anjou;mother;ermengarde_of_anjou_duchess_of_burgundy;4;5
charles_the_fat;mother;hemma;4;4
theodoric_ii_duke_of_lorraine;father;gerard_duke_of_lorraine;2;2
ecgberht_king_of_wessex;child;_thelwulf_king_of_wessex;7;51
ramon_berenguer_iii_count_of_barcelona;name;ramon_berenguer_iii;587;2534
mercedes_of_orl_ans;hasspouse;no;7;2
giovanni_il_popolano;spouse;caterina_sforza;3;4
joanna_of_castile;child;ferdinand_i_holy_roman_emperor;10;15
hedwig_of_bavaria;gender;female;187;2
antoine_duke_of_montpensier;hasspouse;yes;12;1
urraca_of_le_n;gender;female;552;3
hortense_de_beauharnais;child;napol_on_charles_bonaparte;228;43
claude_of_france;child;henry_ii_of_france;8;17
paul_scarron;hasspouse;yes;160;2
john_i_duke_of_lorraine;child;charles_ii_duke_of_lorraine;778;1389
ferdinand_ii_of_le_n;parent;berengaria_of_barcelona;6;7
william_i_count_of_burgundy;mother;alice_of_normandy;3;3
eleanor_of_castile;predecessor;joan_countess_of_ponthieu;2;4
lambert_i_count_of_louvain;father;reginar_iii_count_of_hainaut;4;4
sviatoslav_i;name;sviatoslav_the_brave;943;2290
albert_i_of_germany;predecessor;adolf_king_of_the_romans;4;964
henry_son_of_robert_i_of_burgundy;name;henry_of_burgundy;572;2520
marie_louise_duchess_of_parma;mother;maria_theresa_of_naples_and_sicily;5;2
odo_iv_duke_of_burgundy;successor;philip_i_duke_of_burgundy;2;8
elizabeth_of_austria_1436_1505;child;vladislaus_ii_of_hungary;559;1877
henrietta_maria;child;anne_stuart_born_1637;319;2530
robert_duke_of_bar;gender;male;327;2
henry_vi_of_england;predecessor;edward_iv_of_england;2;2
charles_ix_of_france;child;marie_elisabeth_of_france;5;38
theobald_i_of_navarre;name;theobald_i;1627;2554
ferdinand_i_of_the_two_sicilies;child;maria_amalia_of_naples_and_sicily;5;8
frederick_iii_duke_of_austria;hasspouse;no;167;2
thomas_arundel;hasspouse;no;441;2
fran_oise_ath_na_s_de_rochechouart_marquise_de_montespan;spouse;louis_xiv;27;6
in_s_de_castro;father;pedro_fern_ndez_de_castro;2;4
james_ii_of_scotland;parent;joan_beaufort_queen_of_scots;5;5
helie_of_semur;hasspouse;yes;29;1
maria_anna_of_bavaria_born_1551;spouse;charles_ii_archduke_of_austria;15;9
marie_de_medici;gender;female;28;1
charles_iii_duke_of_savoy;mother;claudine_de_brosse;4;8
sophia_of_holstei_gottorp;spouse;john_vii_duke_of_mecklenburg_schwerin;3;3
john_i_of_castile;hasspouse;yes;10;1
elizabeth_charlotte_madame_palatine;hasspouse;yes;2;1
liudolf_duke_of_saxony;hasspouse;no;471;7
margaret_of_savoy_countess_of_saint_pol;father;louis_duke_of_savoy;2;3
boso_the_elder;child;hucbert;290;2145
louis_i_of_anjou;successor;louis_ii_of_anjou;3;3
vladislaus_ii_of_hungary;spouse;anne_of_foix_candale;2;3
philip_ii_duke_of_savoy;father;louis_duke_of_savoy;3;8
louis_the_stammerer;child;louis_iii_of_france;2;2
clemence_of_austria;sibling;judith_of_habsburg;6;9
rudolf_i_of_germany;child;judith_of_habsburg;3;15
louis_xviii;gender;male;278;2
margaret_of_baux;father;francis_of_baux;2;2
ramon_borrell_count_of_barcelona;parent;letgarda_de_rouergue;1150;738
alan_stewart_of_darnley;hasspouse;no;200;4
hedwig_of_saxony;father;henry_the_fowler;3;5
john_stewart_of_darnley;gender;male;545;2
frederick_ii_count_of_vaud_mont;parent;marie_countess_of_harcourt;3;4
maria_josepha_of_austria;child;maria_kunigunde_of_saxony;125;2518
henri_count_of_chambord;predecessor;charles_x;6;3
william_ix_duke_of_aquitaine;name;william_ix;147;2308
ferdinand_philippe_duke_of_orl_ans;child;prince_philippe_count_of_paris;2;3
joan_of_france_duchess_of_berry;name;saint_joan_of_valois_o.ann.m.;1618;2459
albert_casimir_duke_of_teschen;hasspouse;no;329;3
charles_iii_duke_of_savoy;father;philip_ii_duke_of_savoy;2;2
geoffrey_plantagenet_count_of_anjou;successor;henry_ii_of_england;2;2
conrad_ii_duke_of_transjurane_burgundy;hasspouse;no;51;3
ramon_berenguer_iii_count_of_barcelona;mother;maud_of_apulia;3;4
countess_amalia_katharina_of_waldeck;hasspouse;no;986;3
odo_iv_duke_of_burgundy;gender;male;467;4
wierzchoslawa_ludmilla_of_greater_poland;hasspouse;yes;11;1
louis_vii_of_france;mother;adelaide_of_maurienne;3;5
alfonso_ii_count_of_provence;child;ramon_berenguer_iv_count_of_provence;11;121
anne_marie_th_r_se_de_lorraine;hasspouse;no;304;2
yaroslav_the_wise;child;vladimir_of_novgorod;584;1651
louis_ix_of_france;predecessor;louis_viii_of_france;5;6
margaret_of_foix;parent;gaston_iv_count_of_foix;3;3
mar_a_isabella_of_spain;child;teresa_cristina_of_the_two_sicilies;434;1421
henry_ii_duke_of_brabant;father;henry_i_duke_of_brabant;3;3
alfonso_of_molina;hasspouse;no;1209;3
james_gordon_jesuit;hasspouse;no;465;3
philip_ii_of_spain;spouse;mary_i_of_england;2;4
james_hepburn_4th_earl_of_bothwell;father;patrick_hepburn_3rd_earl_of_bothwell;1084;1294
philip_ii_duke_of_savoy;predecessor;charles_ii_duke_of_savoy;1295;2109
charles_martel;child;hiltrud;65;1195
augustus_iii_of_poland;spouse;maria_josepha_of_austria;3;3
aimery_i_viscount_of_ch_tellerault;hasspouse;yes;331;3
henry_iii_of_england;child;beatrice_of_england;2;2
beatrice_of_silesia;child;louis_v_duke_of_bavaria;4;6
eleanor_of_aragon_queen_of_castile;gender;female;620;3
ren__of_savoy;hasspouse;no;525;3
joseph_i_holy_roman_emperor;spouse;wilhelmine_amalie_of_brunswick;2;2
marie_th_r_se_of_france;mother;marie_antoinette;6;5
henry_ii_of_castile;mother;eleanor_de_guzm_n;2;3
philip_iii_of_navarre;predecessor;charles_iv_of_france;8;5
countess_sophia_albertine_of_erbach_erbach;spouse;ernest_frederick_i_duke_of_saxe_hildburghausen;2;3
margaret_of_france_queen_of_england_and_hungary;hasspouse;no;204;2
werner_ii_count_of_habsburg;parent;otto_ii_count_of_habsburg;971;881
elizabeth_of_austria_1436_1505;child;sophia_jagiellon_margravine_of_brandenburg_ansbach;11;1253
louis_philippe_i_duke_of_orl_ans;father;louis_duke_of_orl_ans_1703_1752;2;2
maria_luisa_of_spain;mother;maria_amalia_of_saxony;3;5
robert_ii_count_of_dreux;predecessor;agnes_de_baudemont;2;4
dangereuse_de_l_isle_bouchard;hasspouse;yes;4;1
alfonso_ii_count_of_provence;successor;ramon_berenguer_iv_count_of_provence;6;9
antoine_of_navarre;predecessor;henry_ii_of_navarre;3;10
salomea_of_berg;father;henry_i_count_of_berg;848;1947
maria_theresa_of_savoy;spouse;charles_x;6;4
christine_of_hesse;parent;philip_i_landgrave_of_hesse;3;4
marie_of_brittany_countess_of_saint_pol;spouse;guy_iv_count_of_saint_pol;2;7
archduke_anton_victor_of_austria;hasspouse;no;3;2
beatriz_of_portugal_duchess_of_viseu;father;john_constable_of_portugal;3;8
cardinal_infante_ferdinand_of_austria;hasspouse;no;545;3
james_i_of_aragon;successor;peter_iii_of_aragon;2;8
odo_of_france;parent;adelaide_of_tours;3;6
berthold_ii_count_of_andechs;parent;schweinfurt;1996;2397
philip_de_medici;hasspouse;no;104;2
robert_count_of_clermont;father;louis_ix_of_france;3;2
judith_of_habsburg;child;margaret_of_bohemia_duchess_of_wroclaw;208;1336
john_the_fearless;child;margaret_of_nevers;4;15
william_v_duke_of_aquitaine;mother;emma_of_blois;5;5
joan_of_france_duchess_of_berry;hasspouse;yes;139;3
gisela_of_burgundy_marchioness_of_montferrat;parent;william_i_count_of_burgundy;4;7
margaret_douglas;name;lady_margaret_douglas;23;2535
madeleine_de_la_tour_d_auvergne;mother;jeanne_de_bourbon_duchess_of_bourbon;5;2
godfrey_i_count_of_louvain;parent;verdun;832;1990
charlotte_agla__d_orl_ans;spouse;francesco_iii_d_este_duke_of_modena;3;6
lorenzo_de_medici;name;lorenzo_di_piero_de__medici;29;2511
princess_augusta_sophia_of_the_united_kingdom;hasspouse;no;35;2
henry_ii_of_france;spouse;catherine_de_medici;5;8
margaret_of_austria_queen_of_spain;child;philip_iv_of_spain;5;6
arthur_ii_duke_of_brittany;mother;beatrice_of_england;4;5
ermengarde_of_hesbaye;parent;ingerman_count_of_hesbaye;2;4
charles_vi_holy_roman_emperor;hasspouse;yes;5;1
louis_xv;successor;louis_xvi;9;6
catherine_henriette_de_bourbon;hasspouse;no;1254;3
princess_louise_of_hesse_darmstadt_1757_1830;name;louise_of_hesse_darmstadt;461;2415
louis_xiv;spouse;fran_oise_ath_na_s_de_rochechouart_marquise_de_montespan;5;29
mar_a_isabella_of_spain;parent;charles_iv_of_spain;3;3
ferdinand_iii_grand_duke_of_tuscany;hasspouse;no;3;2
eleanor_of_england_queen_of_castile;child;urraca_of_castile_queen_of_portugal;6;16
francesco_i_sforza;successor;galeazzo_maria_sforza;2;2
alphonse_count_of_poitiers;hasspouse;no;1319;3
james_i_count_of_la_marche;child;peter_ii_count_of_la_marche;118;1819
maria_of_montpellier;gender;female;401;1
peter_tempesta;hasspouse;no;442;2
princess_isabelle_of_orl_ans_1878_1961;hasspouse;no;639;2
charles_emmanuel_iii_of_sardinia;hasspouse;yes;34;1
napol_on_louis_bonaparte;hasspouse;no;37;3
sudislav;hasspouse;no;686;4
charles_iii_of_spain;parent;elisabeth_farnese;2;4
elisabeth_christine_of_brunswic_wolfenb_ttel;name;elisabeth_christine_of_brunswick;819;2228
ferdinand_ii_of_aragon;spouse;isabella_i_of_castile;3;2
joan_ii_of_navarre;successor;charles_ii_of_navarre;2;7
arnulf_i_count_of_flanders;gender;male;454;2
adelaide_of_maurienne;mother;gisela_of_burgundy_marchioness_of_montferrat;6;8
maria_theresa;child;joseph_ii_holy_roman_emperor;2;27
louis_xii;spouse;mary_tudor_queen_of_france;417;277
robert_ii_of_france;child;hugh_magnus;2;2
conrad_i_of_burgundy;child;bertha_of_burgundy;5;4
mary_queen_of_scots;gender;female;506;3
charlotte_of_savoy;child;joan_of_france_duchess_of_berry;13;36
baldwin_ii_margrave_of_flanders;spouse;_lfthryth_countess_of_flanders;3;4
maximilian_ii_holy_roman_emperor;child;maximilian_iii_archduke_of_austria;2;10
henry_the_fowler;predecessor;otto_i_duke_of_saxony;4;19
james_of_avesnes;hasspouse;no;390;4
ramon_berenguer_iv_count_of_provence;predecessor;alfonso_ii_count_of_provence;8;6
james_v_of_scotland;child;mary_queen_of_scots;3;4
marie_of_luxembourg_countess_of_vend_me;parent;peter_ii_count_of_saint_pol;3;4
alfred_the_great;mother;osburh;3;5
bouchard_iv_of_avesnes;father;james_of_avesnes;2;4
theudoald;predecessor;pepin_of_herstal;4;2
antoine_duke_of_montpensier;child;infante_antonio_duke_of_galliera;2;16
rudolf_i_of_germany;child;matilda_of_habsburg;5;15
matthias_i_duke_of_lorraine;name;matthias;1748;2584
alfonso_x_of_castile;sibling;eleanor_of_castile;6;5
bertrade_of_montfort;parent;simon_i_de_montfort;3;4
alfonso_v_of_aragon;predecessor;ferdinand_i_of_aragon;6;2
john_iv_duke_of_brittany;child;richard_count_of__tampes;5;5
christian_iii_count_palatine_of_zweibr_cken;spouse;countess_caroline_of_nassau_saarbr_cken;3;3
alfonso_ix_of_le_n;child;alfonso_of_molina;596;2429
alfonso_xi_of_castile;hasspouse;yes;1;1
joanna_of_austria_grand_duchess_of_tuscany;sibling;archduchess_anna_of_austria;6;3
john_vii_duke_of_mecklenburg_schwerin;name;johann_vii_duke_of_mecklenburg;903;2553
yolanda_latin_empress;child;henry_ii_of_namur;403;427
magdalene_sibylle_of_prussia;hasspouse;yes;1;1
ferdinand_i_of_the_two_sicilies;spouse;maria_carolina_of_austria;2;2
bona_of_savoy;gender;female;419;2
yolande_of_dreux_duchess_of_burgundy;name;yolande_of_dreux;352;2553
antoinette_of_bourbon;spouse;claude_duke_of_guise;2;5
charles_v_holy_roman_emperor;sibling;ferdinand_i_holy_roman_emperor;4;3
ferdinand_duke_of_viseu;sibling;afonso_v_of_portugal;5;6
maria_luisa_of_spain;child;archduke_charles_duke_of_teschen;2;5
princess_augusta_of_saxe_gotha;spouse;frederick_prince_of_wales;2;2
louis_xii;hasspouse;yes;11;1
joanna_of_austria_grand_duchess_of_tuscany;sibling;maria_of_austria_duchess_of_j_lich_cleves_berg;3;3
henry_i_of_navarre;spouse;blanche_of_artois;4;5
marie_of_cleves_duchess_of_orl_ans;parent;adolph_i_duke_of_cleves;3;3
barbara_jagiellon;child;magdalena_of_saxony;1025;1897
eleanor_of_england_queen_of_castile;hasspouse;yes;1;1
violant_of_hungary;gender;female;6;1
henry_count_of_portugal;child;afonso_i_of_portugal;3;2
yolanda_latin_empress;child;elisabeth_of_courtenay;811;1942
elizabeth_the_cuman;child;anna_of_hungary_byzantine_empress;776;1737
dirk_ii_count_of_holland;father;dirk_i_count_of_holland;3;3
joanna_of_castile;predecessor;ferdinand_ii_of_aragon;2;2
louis_philippe_ii_duke_of_orl_ans;father;louis_philippe_i_duke_of_orl_ans;3;2
princess_elisabeth_albertine_of_saxe_hildburghausen;hasspouse;yes;2;1
maria_carolina_of_austria;child;maria_cristina_of_naples_and_sicily;16;789
blanche_of_castile;child;charles_i_of_anjou;10;25
charles_vi_of_france;hasspouse;yes;1;1
marie_de_medici;child;elisabeth_of_france_1602_1644;3;2
gerberga_of_saxony;mother;matilda_of_ringelheim;3;5
reginar_iii_count_of_hainaut;gender;male;566;2
marie_antoinette;parent;maria_theresa;3;2
louis_ii_of_anjou;spouse;violant_of_bar;5;5
adolphus_frederick_ii_duke_of_mecklenburg_strelitz;parent;adolphus_frederick_i_duke_of_mecklenburg_schwerin;5;5
john_i_of_portugal;sibling;beatrice_of_portugal_died_1381;4;6
elizabeth_of_york;child;margaret_tudor;4;10
werner_ii_count_of_habsburg;father;otto_ii_count_of_habsburg;979;872
louis_x_of_france;name;louis_x;197;2513
hugh_ii_duke_of_burgundy;gender;male;677;4
lutgardis_of_luxemburg;gender;female;498;3
louis_vi_of_france;child;henry_of_france_archbishop_of_reims;3;10
charles_ferdinand_prince_of_capua;hasspouse;no;1230;3
henry_the_fowler;parent;otto_i_duke_of_saxony;5;12
peter_i_duke_of_brittany;predecessor;alix_duchess_of_brittany;2;2
maximilian_ii_holy_roman_emperor;child;anna_of_austria_queen_of_spain;7;24
richende_de_bourges;gender;female;1053;10
louis_philippe_i_duke_of_orl_ans;name;louis_philippe_i;28;55
_thelwulf_king_of_wessex;child;alfred_the_great;4;6
sophia_of_minsk;child;canute_vi_of_denmark;2;16
elizabeth_of_bohemia_1292_1330;child;john_henry_margrave_of_moravia;6;19
juana_enr_quez;spouse;john_ii_of_aragon;6;3
frederick_iii_duke_of_lorraine;predecessor;matthias_ii_duke_of_lorraine;4;4
